YEAR,TICKER,MACRO_SECTOR,ROE_W,ROA_W,OPERATING_MARGIN_W,NET_MARGIN_W,DEBT_TO_EQUITY_PROXY_W,EQUITY
2021,ENAT3,ENERGY,0.0744128202861231,0.0473635850056164,0.1891064794408412,0.1938210080329594,0.5710977173138237,2895536.0
2021,PETR3,ENERGY,0.1369606568227935,0.044243534904013,0.2703138182600208,0.1355522837433208,2.0956083667349743,299137000.0
2021,PETR4,ENERGY,0.1369606568227935,0.044243534904013,0.2703138182600208,0.1355522837433208,2.0956083667349743,299137000.0
2021,PRIO3,ENERGY,0.3739304814430647,0.1470751765041601,0.5182790037790316,0.4931612738173703,1.535563467939833,2165101.0
2021,RPMG3,ENERGY,0.0821177135632312,-0.0910495987222175,-0.1644999253235767,-0.1926904860549163,-1.7473741969995902,-2780886.0
2021,RRRP3,ENERGY,-0.1244376309860988,-0.0806318168518126,-0.4532076498404022,-0.9389700711386036,0.6742217886508469,236793.0
2021,UGPA3,ENERGY,0.0409696827966965,0.0129167463790898,0.0144281771227175,0.0045123531636635,2.16725372767624,9835175.0
2021,AERI3,INDUSTRIALS,0.5093967051259973,0.1106332156463806,0.162292525462716,0.1063722417139041,3.604374031341485,174210.0
2021,ALPK3,INDUSTRIALS,-0.0733555320375485,-0.017614912427505,0.1269279456344315,-0.0394453882911193,3.164399473426086,581115.0
2021,AVLL3,INDUSTRIALS,-1.5310767456782317,-0.3698221276844254,-2.5973873325213157,-5.013623629719854,3.140035522657318,537685.0
2021,AZEV3,INDUSTRIALS,0.1452408978365872,-0.6470120242292741,-12.197946377638337,-20.4124358243012,-1.2244794414904412,-246370.0
2021,AZEV4,INDUSTRIALS,0.1452408978365872,-0.6470120242292741,-12.197946377638337,-20.4124358243012,-1.2244794414904412,-246370.0
2021,AZUL4,INDUSTRIALS,0.6828551245263803,-0.1251770934637809,-0.1044718477909675,-0.2100174291622929,-6.455112478098553,-3519174.0
2021,BBRK3,INDUSTRIALS,-0.2731912396585736,-0.1756147073129572,-0.532524685553074,-0.5199027271658634,0.5556284769004483,259031.0
2021,BDLL3,INDUSTRIALS,2.092537618998874,-0.2807114873094843,-5.7016667542983335,-5.374099584625901,-8.454406797010954,-97690.0
2021,BDLL4,INDUSTRIALS,2.092537618998874,-0.2807114873094843,-5.7016667542983335,-5.374099584625901,-8.454406797010954,-97690.0
2021,CCPR3,INDUSTRIALS,0.0305976007944866,0.0182193414875495,0.5757732155828268,0.2055409004600425,0.6794021241325321,3162797.0
2021,CCRO3,INDUSTRIALS,0.1690170283424967,0.042885222445603,0.3349581066076998,0.1346877023865311,2.941148458700043,8439694.0
2021,CRDE3,INDUSTRIALS,-0.0628690297253245,-0.057139069335808,-0.1828332790332612,-0.2936054260581109,0.1002809541023738,157677.0
2021,CURY3,INDUSTRIALS,0.5609062196774575,0.1584288174360519,0.2330171288079688,0.2001968061675089,2.5404305148200783,363797.0
2021,CYRE3,INDUSTRIALS,0.1032406308020395,0.0534969840138617,0.1500693748025222,0.1359298385935562,0.9298402088478224,5175443.0
2021,DIRR3,INDUSTRIALS,0.0882291082445316,0.0259556114701734,0.1323640747537422,0.0828512413696623,2.399230580482333,1369344.0
2021,ECOR3,INDUSTRIALS,-0.4072902003070159,-0.0160676417742398,0.2012947998286822,-0.0469175835698902,24.348474034316386,455351.0
2021,EMBR3,INDUSTRIALS,-0.0888212623147232,-0.0303671581908346,-0.0614883686184022,-0.1236238565194975,1.9249118984578248,14569552.0
2021,ETER3,INDUSTRIALS,2.583029375256701,-0.0231420470062519,0.0765361562278097,-0.0258374243611755,-98.18756645437033,-2778.0
2021,EUCA3,INDUSTRIALS,0.0495094506872815,0.0285702106521827,0.0869588013999397,0.0430488012688592,0.7329046428819094,1326676.0
2021,EUCA4,INDUSTRIALS,0.0495094506872815,0.0285702106521827,0.0869588013999397,0.0430488012688592,0.7329046428819094,1326676.0
2021,EVEN3,INDUSTRIALS,0.0760289798566347,0.0286422616831994,0.0890179127306524,0.0746159037363885,1.6544335324340247,1877442.0
2021,EZTC3,INDUSTRIALS,0.0762456083982754,0.0679295383725966,0.273632193339052,0.3610947425999826,0.1224220011633938,3809544.0
2021,FRAS3,INDUSTRIALS,0.0420939578713968,0.0202497000044443,0.0781225169515543,0.024024008629749,1.0787447647203745,779328.0
2021,FRIO3,INDUSTRIALS,0.3727198453972693,0.0291548503851365,0.087135393874563,0.0320406327493152,11.784145364274828,127294.0
2021,GOLL4,INDUSTRIALS,-0.0252396164785261,0.0117226285597896,0.1538250654323381,0.0129348596262855,-3.153068004312766,-7105417.0
2021,HBOR3,INDUSTRIALS,-0.0649798376283612,-0.0225139067032211,0.0100790224486966,-0.0807142929075009,1.8862088879076908,1603482.0
2021,HBSA3,INDUSTRIALS,0.0379697467754965,0.0124233068689701,0.282194584970334,0.0624866063575156,2.0563317139282877,1543571.0
2021,IGBR3,INDUSTRIALS,0.071380754526996,-0.2590960756041626,-1.1095111784766958,-12.22243273967412,-1.275499172886157,-903745.0
2021,INEP3,INDUSTRIALS,0.2237596465869509,-0.3203420871920402,-14.86309481915959,-23.472622867705752,-1.698502181053751,-2015998.0
2021,JFEN3,INDUSTRIALS,,,,,,
2021,JHSF3,INDUSTRIALS,0.1068696945944566,0.0559578097320045,0.9594590986967426,0.5130082334964957,0.9098262620764016,3056788.0
2021,JSLG3,INDUSTRIALS,0.1338781317188544,0.0157204125430957,0.1238012725102256,0.0328947062777604,7.51619710054316,2379963.0
2021,LAVV3,INDUSTRIALS,0.4302989906684441,0.1358644553286395,0.2725537140616292,0.2564910940950651,2.167119682830976,115522.0
2021,LCAM3,INDUSTRIALS,0.0866061487891515,0.030607004312276,0.1664701860352389,0.0704675335988131,1.829618603164472,3904411.0
2021,LEVE3,INDUSTRIALS,0.1972706819208699,0.1099181105758552,0.1367412729916975,0.1012774726688459,0.7947059032163053,1296954.0
2021,LOGG3,INDUSTRIALS,0.0315937557862084,0.0233996961937981,1.1935498723519502,0.7289860505803146,0.3501780332764317,2954223.0
2021,LOGN3,INDUSTRIALS,0.0351903660971401,0.0058350160584537,0.1639254365123113,0.0106034571242838,5.0308944730592,317047.0
2021,LPSB3,INDUSTRIALS,-0.0156393485107126,-0.0068497206814188,0.0265195167916265,-0.018818552815326,1.2832096720581856,177501.0
2021,LUPA3,INDUSTRIALS,-0.2629237181740571,-0.0518758372504102,-0.632543763006488,-0.8011384502387073,4.0683272234218855,99565.0
2021,MDNE3,INDUSTRIALS,-1.0984013383113789,-0.0442137690805524,0.221254889458389,-0.2431424962907557,23.8429699877026,90263.0
2021,MELK3,INDUSTRIALS,0.110544187096916,0.0451740415870371,0.0991378468021453,0.0982637908092657,1.447073213140113,500361.0
2021,MILS3,INDUSTRIALS,-0.0406186533354163,-0.0326914481119562,-0.0978189389371167,-0.1023517231178819,0.2424855942848525,1107373.0
2021,MOVI3,INDUSTRIALS,0.0990069965262914,0.0314539218649318,0.1220496949461476,0.0593880049342499,2.1476836800015997,2300999.0
2021,MRVE3,INDUSTRIALS,0.1463900740469023,0.0509232978193384,0.1223101060451586,0.1234990641908594,1.8747170807015128,5108789.0
2021,MTRE3,INDUSTRIALS,0.505266482431899,0.0807908391935056,0.1352885343047343,0.1025999512589305,5.254007106198184,63325.0
2021,MULT3,INDUSTRIALS,0.0839196773529462,0.0489931395299177,0.5396216414532313,0.3593747486762659,0.712886297104937,5591001.0
2021,MYPK3,INDUSTRIALS,0.1205084049761851,0.0449489627708054,0.0675148094698741,0.042072522100017,1.6810052456751206,3496976.0
2021,PDGR3,INDUSTRIALS,0.1848018447463098,-0.4702354249660445,-1.520391576899761,-3.0305940270866225,-1.3929985597313397,-4923387.0
2021,PLPL3,INDUSTRIALS,,,,,,
2021,POMO3,INDUSTRIALS,0.089903290858425,0.040824440791285,0.0583101210930311,0.0491429665405348,1.2021928314476011,2358412.0
2021,POMO4,INDUSTRIALS,0.089903290858425,0.040824440791285,0.0583101210930311,0.0491429665405348,1.2021928314476011,2358412.0
2021,PRNR3,INDUSTRIALS,-0.1447278478467745,-0.0450778781085492,0.0222597041983637,-0.0309742636512799,2.210618021954456,74609.0
2021,PTBL3,INDUSTRIALS,0.0358044369974648,0.0071682499297497,0.0673724208427229,0.0118131259148374,3.994864485523725,367636.0
2021,RAIL3,INDUSTRIALS,0.0912287923539115,0.0239356453073682,0.2981509176279374,0.1108759509244001,2.811419795973828,8614287.0
2021,RAPT3,INDUSTRIALS,0.1381200590819141,0.0474934553960311,0.1042655033564954,0.0590185503199397,1.9081914114308984,2175962.0
2021,RAPT4,INDUSTRIALS,0.1381200590819141,0.0474934553960311,0.1042655033564954,0.0590185503199397,1.9081914114308984,2175962.0
2021,RCSL3,INDUSTRIALS,0.0514852368350628,-0.0892065945388974,0.0128617363344051,-0.1855841371918542,-1.5771460854568702,-67262.0
2021,RCSL4,INDUSTRIALS,0.0514852368350628,-0.0892065945388974,0.0128617363344051,-0.1855841371918542,-1.5771460854568702,-67262.0
2021,RDNI3,INDUSTRIALS,0.0020173543792465,0.0008696626013281,0.0266099171899627,0.0039341022241124,1.3196977496395863,623589.0
2021,RENT3,INDUSTRIALS,0.1530854706314712,0.0430020997310364,0.1461043581681066,0.0817936142685346,2.559953388066376,5447532.0
2021,ROMI3,INDUSTRIALS,0.171186034192404,0.0950161675959103,0.1365018693517751,0.169704744312912,0.801651640175943,758882.0
2021,RSID3,INDUSTRIALS,0.5533274570295285,-0.1536759904585493,-4.872049219431147,-5.122045106844989,-4.600610969732297,-562712.0
2021,RSUL4,INDUSTRIALS,-2.547291660203265,0.0913462807430595,0.1800180874863154,0.1029558760531201,-73.38555598012992,-2617.0
2021,SEQL3,INDUSTRIALS,-0.0827619753543963,-0.0116575366153665,0.0463411997428228,-0.0135530086503319,6.09943945149634,86344.0
2021,SIMH3,INDUSTRIALS,0.1227313583144051,0.0147806171934769,0.1184011029462313,0.0325987233122385,7.303534061390189,2549984.0
2021,SOND5,INDUSTRIALS,0.0847824406832058,0.0595079877403781,0.0427187824282255,0.0689915411465048,0.4247237035319576,51756.0
2021,SOND6,INDUSTRIALS,0.0847824406832058,0.0595079877403781,0.0427187824282255,0.0689915411465048,0.4247237035319576,51756.0
2021,TASA3,INDUSTRIALS,-0.1425574730566835,0.0407205281122238,0.1057082917742534,0.0434442031211077,-4.500874857609948,-304621.0
2021,TASA4,INDUSTRIALS,-0.1425574730566835,0.0407205281122238,0.1057082917742534,0.0434442031211077,-4.500874857609948,-304621.0
2021,TCNO3,INDUSTRIALS,-0.4881889763779528,-0.0015984462415028,,,304.4146981627297,762.0
2021,TCNO4,INDUSTRIALS,-0.4881889763779528,-0.0015984462415028,,,304.4146981627297,762.0
2021,TCSA3,INDUSTRIALS,-0.2771590494953282,-0.1526727951316758,-0.5799297747052313,-0.7169374120476002,0.8153794148871553,946655.0
2021,TEND3,INDUSTRIALS,0.1956138488387663,0.0760138393582263,0.1490853280194123,0.1355895960100466,1.5733978245317597,1351709.0
2021,TGMA3,INDUSTRIALS,0.3372962671215607,0.1968417559601429,0.180061900662055,0.1439687676275866,0.7135402266471216,575079.0
2021,TPIS3,INDUSTRIALS,-0.2881121059399535,-0.0577636588694779,-0.0445739189533942,-0.2182462254248004,3.987774520844815,751218.0
2021,TRIS3,INDUSTRIALS,0.1381553188452995,0.0839707601916478,0.2133331496949307,0.1890916284677921,0.6452788867218232,1093132.0
2021,UCAS3,INDUSTRIALS,0.1123705027430299,0.0787897639899585,0.133853364579846,0.1204151322397053,0.4262068706964422,160042.0
2021,VIVR3,INDUSTRIALS,1.6423838097722785,-0.4295495397140417,1.133277342163416,0.9023083229553052,-4.8235026648279975,-134155.0
2021,WEGE3,INDUSTRIALS,0.1828059157960983,0.1040599411982974,0.1384336494939776,0.1223047815782419,0.7567366816760153,8929990.0
2021,WHRL3,INDUSTRIALS,0.588397031521453,0.2326851936022944,0.0912521597680024,0.2294456669729123,1.5287257105286256,3019055.0
2021,WHRL4,INDUSTRIALS,0.588397031521453,0.2326851936022944,0.0912521597680024,0.2294456669729123,1.5287257105286256,3019055.0
2021,WLMM3,INDUSTRIALS,0.1183687057844361,0.0965658658472235,0.0517036446423001,0.0459359294511534,0.2257820581416087,420525.0
2021,WLMM4,INDUSTRIALS,0.1183687057844361,0.0965658658472235,0.0517036446423001,0.0459359294511534,0.2257820581416087,420525.0
2021,BALM3,MATERIALS,0.0387877218456074,0.0220056981850808,0.0548054383497421,0.0280892103676913,0.7626217318523588,108127.0
2021,BALM4,MATERIALS,0.0387877218456074,0.0220056981850808,0.0548054383497421,0.0280892103676913,0.7626217318523588,108127.0
2021,BRAP3,MATERIALS,-0.0421726927141976,-0.0398973808101283,,,0.0570291046145977,9560855.0
2021,BRAP4,MATERIALS,-0.0421726927141976,-0.0398973808101283,,,0.0570291046145977,9560855.0
2021,BRKM3,MATERIALS,-0.7343951615152055,-0.0425218545214428,-0.0010813109399643,-0.0553665487942565,16.27100498744393,3944706.0
2021,BRKM5,MATERIALS,-0.7343951615152055,-0.0425218545214428,-0.0010813109399643,-0.0553665487942565,16.27100498744393,3944706.0
2021,BRKM6,MATERIALS,-0.7343951615152055,-0.0425218545214428,-0.0010813109399643,-0.0553665487942565,16.27100498744393,3944706.0
2021,CRPG3,MATERIALS,0.190309801015355,0.1392312700942227,0.1824938277889485,0.1864983413508446,0.3668610570496526,577532.0
2021,CRPG5,MATERIALS,0.190309801015355,0.1392312700942227,0.1824938277889485,0.1864983413508446,0.3668610570496526,577532.0
2021,CRPG6,MATERIALS,0.190309801015355,0.1392312700942227,0.1824938277889485,0.1864983413508446,0.3668610570496526,577532.0
2021,EALT3,MATERIALS,0.1035213603803953,0.0457313598098122,0.0904897825491152,0.0563213166039425,1.2636842816596838,162778.0
2021,EALT4,MATERIALS,0.1035213603803953,0.0457313598098122,0.0904897825491152,0.0563213166039425,1.2636842816596838,162778.0
2021,FESA3,MATERIALS,0.1205180361152078,0.0806617575308289,0.1400820600992536,0.173133523504357,0.4941161686087218,1838173.0
2021,FESA4,MATERIALS,0.1205180361152078,0.0806617575308289,0.1400820600992536,0.173133523504357,0.4941161686087218,1838173.0
2021,FHER3,MATERIALS,12.151562424854006,0.3859684939737864,-0.1294038972692027,0.552949193288977,35.45124570473117,31385.0
2021,GGBR3,MATERIALS,0.0447827370033636,0.0225337050906644,0.0803131166599947,0.0306953559945121,0.9873667833665224,27173127.0
2021,GGBR4,MATERIALS,0.0447827370033636,0.0225337050906644,0.0803131166599947,0.0306953559945121,0.9873667833665224,27173127.0
2021,GOAU3,MATERIALS,0.0439532037991493,0.0221415908782769,0.0800802189284081,0.0301867797934669,0.9850969174157966,27227253.0
2021,GOAU4,MATERIALS,0.0439532037991493,0.0221415908782769,0.0800802189284081,0.0301867797934669,0.9850969174157966,27227253.0
2021,HETA4,MATERIALS,-0.0089719352850861,0.3480198521219487,0.5023842315021891,2.0970668474702805,-1.0257799525813898,-382972.0
2021,KEPL3,MATERIALS,,,,,,
2021,KLBN11,MATERIALS,0.1099197034180844,0.0205923496938975,0.2459514795743975,0.0695705997728352,4.337890287025326,6501273.0
2021,MGEL4,MATERIALS,0.0174673667283627,-0.0176554327135478,0.0848234507452384,-0.0116369362179418,-1.9211168249056376,-370634.0
2021,MMXM3,MATERIALS,0.1645453479589805,-0.7753866539446891,-39.19264048963736,-58.049575882151416,-1.1673251479878828,-733506.0
2021,MTSA4,MATERIALS,0.0745336244501272,0.0582870390018905,0.0597443987480418,0.0623302543894659,0.2787341015505997,241512232.0
2021,MWET3,MATERIALS,0.186369222854203,-0.2253849743350443,-0.0757547001295047,-0.2183885589246639,-1.8268928459141969,-209922.0
2021,MWET4,MATERIALS,0.186369222854203,-0.2253849743350443,-0.0757547001295047,-0.2183885589246639,-1.8268928459141969,-209922.0
2021,PATI3,MATERIALS,0.0418068044825337,0.0186540025262699,0.0397065108854267,0.0169675774107048,1.2411707312496776,426366.0
2021,PATI4,MATERIALS,0.0418068044825337,0.0186540025262699,0.0397065108854267,0.0169675774107048,1.2411707312496776,426366.0
2021,PMAM3,MATERIALS,-0.0403526897501754,-0.0064791841835039,0.0234052032264648,-0.004796618589532,5.228051033479456,621396.0
2021,RANI3,MATERIALS,-0.2365353010927484,-0.050389162455541,0.2282229558100489,-0.0885556961166204,3.6941701263926814,336491.0
2021,SHUL4,MATERIALS,0.1566728645817375,0.0695295894195192,0.0908729125880324,0.0916188547006612,1.2533264742356487,620101.0
2021,SNSY3,MATERIALS,0.1493152432250897,-0.488148306505037,-0.2214093775706059,-0.4057142857142857,-1.3058808997907465,-1238688.0
2021,SNSY5,MATERIALS,0.1493152432250897,-0.488148306505037,-0.2214093775706059,-0.4057142857142857,-1.3058808997907465,-1238688.0
2021,SUZB3,MATERIALS,-0.1556140437878901,-0.0287487797884192,0.1010488237589354,-0.1082054130731039,4.412892127358246,18087969.0
2021,TKNO4,MATERIALS,0.0515900943499967,0.0410047765342376,0.0819247080578055,0.062863880905004,0.2581484088059997,181876.0
2021,TUPY3,MATERIALS,0.1168349038683456,0.054434603712174,0.0690588031377424,0.0540190584642259,1.1463351600044065,2387403.0
2021,UNIP3,MATERIALS,0.1162050480608782,0.0463474848614655,0.13039232729694,0.056534360209005,1.5072568319126658,1483223.0
2021,UNIP5,MATERIALS,0.1162050480608782,0.0463474848614655,0.13039232729694,0.056534360209005,1.5072568319126658,1483223.0
2021,UNIP6,MATERIALS,0.1162050480608782,0.0463474848614655,0.13039232729694,0.056534360209005,1.5072568319126658,1483223.0
2021,USIM3,MATERIALS,0.0242000929737491,0.0143027126215285,0.0637185701329993,0.025198881589787,0.6919932333201676,15565684.0
2021,USIM5,MATERIALS,0.0242000929737491,0.0143027126215285,0.0637185701329993,0.025198881589787,0.6919932333201676,15565684.0
2021,USIM6,MATERIALS,0.0242000929737491,0.0143027126215285,0.0637185701329993,0.025198881589787,0.6919932333201676,15565684.0
2021,VALE3,MATERIALS,-0.0553361489181568,-0.0235237706175865,0.0150684619914457,-0.0585040676925548,1.352350302072195,157149353.0
2021,ATMP3,TECHNOLOGY,2.381142175620982,-0.2974973227161085,-0.2751634035835988,-0.4525259008199105,-7.990280936747686,-165543.0
2021,BOAS3,TECHNOLOGY,0.2120908179082702,0.0956199456588066,0.2011219074917213,0.1124583184133272,1.2180604312938816,350944.0
2021,CASH3,TECHNOLOGY,0.656678605748231,0.3704205629078751,0.1056389870435806,0.1786972936630936,0.6516117760111819,22894.0
2021,LINX3,TECHNOLOGY,0.0217203286990374,0.0151625835675754,0.1029107071035159,0.0493250727327861,0.4324952342215299,1789844.0
2021,LWSA3,TECHNOLOGY,0.2045781304835112,0.0351566983714419,0.1372586637353292,0.0468504110526629,4.62265385213629,88333.0
2021,NGRD3,TECHNOLOGY,0.0630349117554938,0.0259271021205457,0.1389480393435024,0.0417867783040961,1.4312362971541783,137289.0
2021,PDTC3,TECHNOLOGY,0.2964355788096795,0.0854235052064519,,,2.470187486374537,18348.0
2021,POSI3,TECHNOLOGY,0.0389760923700485,0.0107165456206246,0.0516131087010548,0.0108849333893034,2.637001488150879,534892.0
2021,SQIA3,TECHNOLOGY,-0.0076996213824413,-0.0073855791687634,-0.0128858769190364,-0.0261428579584705,0.4364867714079837,431603.0
2021,TOTS3,TECHNOLOGY,0.084993235579761,0.0595736280754664,0.142500582790418,0.0923034857001635,0.4266922852523534,2478409.0
2022,ENAT3,ENERGY,0.0449841769854979,0.0285104102455585,0.3393996061118244,0.1311053196057733,0.5778158433376399,2755480.0
2022,OPCT3,ENERGY,-0.1442566136060359,-0.0203020655415827,0.1105913330905627,-0.0354974151158918,5.829700187110209,158121.0
2022,PETR3,ENERGY,0.0200739193315121,0.0063255821490167,0.1823838805597109,0.0229574115389845,2.1734501044512293,311150000.0
2022,PETR4,ENERGY,0.0200739193315121,0.0063255821490167,0.1823838805597109,0.0229574115389845,2.1734501044512293,311150000.0
2022,PRIO3,ENERGY,0.1425689169594387,0.0636219492581026,0.4826376907270688,0.2293116806618482,1.1555906314388866,3151263.0
2022,RECV3,ENERGY,-0.0834108688466388,-0.0393039425086278,0.2942471894709719,-0.1037760157189077,1.1222010699900835,980196.0
2022,RPMG3,ENERGY,0.1292822630337095,-0.1276069255121756,-0.2579697431254739,-0.2760849535368556,-1.805853313014611,-3193872.0
2022,RRRP3,ENERGY,-0.2477373538958359,-0.1308343861636597,-0.7969447264336955,-1.267632048762704,0.9580948844118466,1077100.0
2022,UGPA3,ENERGY,0.0936097067031002,0.0255915270116585,0.021767774641954,0.0114190597759247,2.6578398256757008,9910265.0
2022,AERI3,INDUSTRIALS,0.1171526682480346,0.0477506180849048,0.0930211499785847,0.0512513684507914,1.4534272632812144,966252.0
2022,ALPK3,INDUSTRIALS,-0.2484301081529571,-0.0632785894505404,0.0126138612336667,-0.2628244515796201,2.92597417720782,686990.0
2022,ARML3,INDUSTRIALS,0.2061250881730543,0.0407717636991079,0.3577910758890865,0.1575376929573921,4.055584293439924,85060.0
2022,AVLL3,INDUSTRIALS,-1.0582141965800549,-0.1828841377261136,-1.6768404346233672,-2.329413658006016,4.786254673244713,396673.0
2022,AZEV3,INDUSTRIALS,0.1536118726407626,-0.5785913813125765,-0.7819157268170426,-1.4438048245614037,-1.2654928462506354,-240014.0
2022,AZEV4,INDUSTRIALS,0.1536118726407626,-0.5785913813125765,-0.7819157268170426,-1.4438048245614037,-1.2654928462506354,-240014.0
2022,AZUL4,INDUSTRIALS,0.7657714639102394,-0.6859817339716079,-0.2435672546180219,-1.886224118342808,-2.1163146567718,-14148750.0
2022,BDLL3,INDUSTRIALS,0.401207514787459,-0.0987997017367494,-2.9530774516540688,-3.2126730146264846,-5.060817064574458,-163145.0
2022,BDLL4,INDUSTRIALS,0.401207514787459,-0.0987997017367494,-2.9530774516540688,-3.2126730146264846,-5.060817064574458,-163145.0
2022,CALI3,INDUSTRIALS,,,,,,
2022,CCRO3,INDUSTRIALS,0.0108457910955013,0.0025744858831246,0.2057593523623082,0.0087075356843838,3.212798821929423,7939762.0
2022,CRDE3,INDUSTRIALS,-0.143988286204581,-0.1275223219816798,-7.210266535044423,-7.620434353405725,0.1291222114451988,107224.0
2022,CURY3,INDUSTRIALS,0.2957687499902706,0.1155205288220673,0.1965803603096755,0.165983216299374,1.5603133313718989,642387.0
2022,CYRE3,INDUSTRIALS,0.315613836182001,0.160005933220138,0.5766351657232075,0.4784628481089626,0.9725133301636744,5796628.0
2022,DIRR3,INDUSTRIALS,0.1120397194622678,0.0294297124578719,0.1475042362914408,0.1000404471711301,2.8070273239213788,1339998.0
2022,DXCO3,INDUSTRIALS,0.0875002216498302,0.0394818637529003,0.1142732790712862,0.0772130356812417,1.2162130490459035,5188364.0
2022,ECOR3,INDUSTRIALS,-7.546821879283032,-0.0382190155800981,0.2164458298518971,-0.1060026711429061,196.4624873177765,56181.0
2022,EMBR3,INDUSTRIALS,-0.2354678261199793,-0.0656093111021695,-0.0855866611573176,-0.1830911419157668,2.5889391637308754,15272715.0
2022,ETER3,INDUSTRIALS,0.7382552520568715,0.2129878110961426,0.2759842732831643,0.232261717852633,2.4661854509769268,215011.0
2022,EUCA3,INDUSTRIALS,0.0973351075428885,0.0527292869083978,0.1081203166461762,0.0802046072797467,0.8459401454068699,1481223.0
2022,EUCA4,INDUSTRIALS,0.0973351075428885,0.0527292869083978,0.1081203166461762,0.0802046072797467,0.8459401454068699,1481223.0
2022,EVEN3,INDUSTRIALS,0.0214994094100266,0.0103054468059953,0.1628113367883089,0.0319260092638029,1.08621807620404,2481417.0
2022,EZTC3,INDUSTRIALS,0.1003443885507489,0.0879956323081979,0.2841394876087411,0.4431076158304043,0.1403337406486323,4136026.0
2022,FRAS3,INDUSTRIALS,0.1906618168412387,0.0630232725600924,0.1436327387838919,0.1089581030279706,2.025260496579951,954811.0
2022,GOLL4,INDUSTRIALS,0.4282142613030132,-0.4600584073713593,-0.1493834490224687,-0.9252072054172302,-1.9307823842405265,-13767059.0
2022,HBOR3,INDUSTRIALS,0.0369886330731659,0.0142271232524387,0.0545685500723438,0.0636194947531425,1.5998673390859532,1674947.0
2022,HBRE3,INDUSTRIALS,-0.0200923321758198,-0.0104821193340141,1.1306686666752874,-0.3542730787632705,0.916819636905002,1363555.0
2022,HBSA3,INDUSTRIALS,-0.0691723242543224,-0.0184696920831352,0.1386092498271325,-0.0721871167763146,2.745180154761975,1525827.0
2022,IGBR3,INDUSTRIALS,0.0857955005260176,-0.7427153257272539,-8.770272848692997,-16.182789543980157,-1.0806192846160072,-988560.0
2022,INEP3,INDUSTRIALS,0.2108627414417354,-0.333042292185269,-14.411203824133972,-25.444945369674336,-1.6331410346060014,-2574120.0
2022,JFEN3,INDUSTRIALS,0.3743291033908882,-0.1335103130103493,-5.087979574937897,-5.89784018768976,-3.8037467290026608,-456665.0
2022,JHSF3,INDUSTRIALS,0.1669475458459367,0.0877300986715396,0.6972542821750459,0.5457725001067875,0.9029677200180312,3826675.0
2022,JSLG3,INDUSTRIALS,0.1232854463144019,0.0271385868599284,0.0691202799493561,0.0464543439093787,3.542810093639745,1065146.0
2022,LAVV3,INDUSTRIALS,0.0913852597126446,0.0701574161156837,0.3305526735223514,0.3305415471743248,0.3025744785406289,1300341.0
2022,LCAM3,INDUSTRIALS,0.0921217078232553,0.026658507892798,0.1388925301158279,0.0689663682370717,2.4556213046020723,4186288.0
2022,LEVE3,INDUSTRIALS,0.0910724172439822,0.0437026185169544,0.0805813588570277,0.0508695243192936,1.0839121392383086,1341987.0
2022,LOGG3,INDUSTRIALS,0.0462901965317093,0.033847532265336,1.2396294565550554,0.910998587291989,0.3676092002463667,3079961.0
2022,LOGN3,INDUSTRIALS,0.0367270025398134,0.0058916489501761,0.171162843562169,0.0115434580115594,5.233739119625498,353963.0
2022,LPSB3,INDUSTRIALS,0.0753180544181593,0.0328307331861899,0.2133117467170354,0.0783114469029201,1.294132573616766,173398.0
2022,LUPA3,INDUSTRIALS,0.1467760342368045,0.0417734958151393,0.1091305462939215,0.3769831092221449,2.5136162624821683,140200.0
2022,MDNE3,INDUSTRIALS,-0.104419152896509,-0.0502580322155146,-0.1408783540261951,-0.2033874860949033,1.0776609885707942,999807.0
2022,MELK3,INDUSTRIALS,0.0476927004339795,0.0319291535601944,0.0940409219037267,0.0983198870408238,0.493703876116442,1198674.0
2022,MILS3,INDUSTRIALS,-0.0043237128369731,-0.0032174500065067,0.0267291281137735,-0.0093751419503534,0.3438321739977903,1097899.0
2022,MOVI3,INDUSTRIALS,0.0462237353095799,0.0128227429005176,0.0744875661494167,0.0266879039982532,2.604824308511541,2358680.0
2022,MRVE3,INDUSTRIALS,0.1029055022010627,0.0343811031050522,0.107387368031128,0.0934334121885381,1.9930832029045908,6034585.0
2022,MTRE3,INDUSTRIALS,0.0487208095021609,0.0371505709621091,0.0925634585036461,0.1193498892409295,0.3114417420893081,1007434.0
2022,MULT3,INDUSTRIALS,0.1546565767525645,0.0912487774845886,1.0599809907024564,0.891271625849686,0.6948893017080155,6233023.0
2022,MYPK3,INDUSTRIALS,-0.1104234528543866,-0.0338318292676736,-0.021085504958126,-0.0479322801900516,2.2638924718119284,3802761.0
2022,PDGR3,INDUSTRIALS,0.0848175218811797,-0.2638991053376378,-1.3293418638385353,-2.193641507440176,-1.3214013240880922,-5384536.0
2022,PLPL3,INDUSTRIALS,0.5744403503893215,0.1375198289895927,0.1670555146112112,0.1467381170140029,3.1771456131813127,230144.0
2022,POMO3,INDUSTRIALS,0.0347803447551299,0.0154766042343929,0.0480440776875371,0.0252689528986294,1.2472852719099263,2607996.0
2022,POMO4,INDUSTRIALS,0.0347803447551299,0.0154766042343929,0.0480440776875371,0.0252689528986294,1.2472852719099263,2607996.0
2022,PORT3,INDUSTRIALS,0.0649837220758637,0.0239441460438819,0.2167764648989894,0.0668433572757921,1.7139711709396217,1867560.0
2022,PRNR3,INDUSTRIALS,-0.0137242559378684,-0.0091970412619196,-0.0191236638826157,-0.0127821380355307,0.4922468592909134,225586.0
2022,PTBL3,INDUSTRIALS,0.3073991332361739,0.0630402381570357,0.0867853549385033,0.0962936821396927,3.8762368643092735,417184.0
2022,RAIL3,INDUSTRIALS,0.0199181803579382,0.0066365892181188,0.2797066503937105,0.0437364406985255,2.001267624574187,15296327.0
2022,RAPT3,INDUSTRIALS,0.3127840478288874,0.0927912585304669,0.189154089055917,0.1553799294615828,2.370835278909256,2664164.0
2022,RAPT4,INDUSTRIALS,0.3127840478288874,0.0927912585304669,0.189154089055917,0.1553799294615828,2.370835278909256,2664164.0
2022,RCSL3,INDUSTRIALS,0.0211021194605009,-0.0310776145830968,0.02321585130633,-0.0480098193933017,-1.6790134874759153,-64875.0
2022,RCSL4,INDUSTRIALS,0.0211021194605009,-0.0310776145830968,0.02321585130633,-0.0480098193933017,-1.6790134874759153,-64875.0
2022,RDNI3,INDUSTRIALS,0.0069099815819093,0.0027357391211327,0.0384575316086057,0.0136441841743879,1.5258189015655377,625472.0
2022,RENT3,INDUSTRIALS,0.1731767806512807,0.0512779770437393,0.1747964005252427,0.1016898671516155,2.377215534527883,6052659.0
2022,ROMI3,INDUSTRIALS,0.2144640700038301,0.1000161446561188,0.1098165750398191,0.1795190874993577,1.1442945110633158,814584.0
2022,RSID3,INDUSTRIALS,0.0160999075465156,-0.0054615754035538,-4.995509394818734,-0.1170708649010622,-3.947850456489079,-553792.0
2022,RSUL4,INDUSTRIALS,0.6977511610853092,-0.0240633258728171,0.3226244181699942,-0.0292335973864375,-8.801162850036174,-8182.0
2022,SEQL3,INDUSTRIALS,0.0170862456694827,0.0051080110300477,0.0437767818945626,0.0070413151269049,2.344989971433781,411325.0
2022,SIMH3,INDUSTRIALS,0.1232997813173689,0.0155502755469706,0.1050245756703565,0.040532037287027,6.929105882717868,3223850.0
2022,SOND5,INDUSTRIALS,0.3014557766761432,0.215149475916636,0.2887216642308529,0.3280730122205292,0.4011457633898596,69997.0
2022,SOND6,INDUSTRIALS,0.3014557766761432,0.215149475916636,0.2887216642308529,0.3280730122205292,0.4011457633898596,69997.0
2022,SYNE3,INDUSTRIALS,0.043530755791273,0.0259881733313759,0.5022022355466725,0.2631805134025876,0.6750217584056828,2940243.0
2022,TASA3,INDUSTRIALS,6.23631976152736,0.1804696539211994,0.2449390589153547,0.1486604917245097,33.556057630887885,42269.0
2022,TASA4,INDUSTRIALS,6.23631976152736,0.1804696539211994,0.2449390589153547,0.1486604917245097,33.556057630887885,42269.0
2022,TCNO3,INDUSTRIALS,-12.607142857142858,-0.0030049713974393,,,4194.428571428572,56.0
2022,TCNO4,INDUSTRIALS,-12.607142857142858,-0.0030049713974393,,,4194.428571428572,56.0
2022,TCSA3,INDUSTRIALS,-0.210894610197252,-0.0956957966105194,-0.789168931673374,-0.9237629188417188,1.203802232354993,791272.0
2022,TEND3,INDUSTRIALS,0.131557365980709,0.047140251690046,0.1159532047622448,0.0875055698706037,1.7907650312458625,1518121.0
2022,TGMA3,INDUSTRIALS,0.1174942738544112,0.0715811757740532,0.1049459751886051,0.0726348397041604,0.6414130193290379,625639.0
2022,TPIS3,INDUSTRIALS,0.1847100886328797,0.0500802417531619,0.2386671440821292,0.1739477684094738,2.688282687277911,912641.0
2022,TRIS3,INDUSTRIALS,0.1513941792398384,0.0843520215205009,0.2265131519067989,0.2089128060435059,0.7947901723142881,1212900.0
2022,UCAS3,INDUSTRIALS,0.0951150383461153,0.0722898025225646,0.116803700921907,0.0985915492957746,0.3157462743991587,155948.0
2022,VAMO3,INDUSTRIALS,0.3539678965229793,0.0424074998361132,0.2442229545984733,0.1184202613424514,7.346823035805293,506238.0
2022,VIVR3,INDUSTRIALS,0.7974200133751012,-0.5602925674150877,-3.32191952011997,-4.11815228011179,-2.4232207595649573,-227288.0
2022,WEGE3,INDUSTRIALS,0.2008296020769975,0.1202313079112817,0.1612132465637222,0.1371504154341177,0.6703602877312872,11930298.0
2022,WHRL3,INDUSTRIALS,0.3700782583942537,0.1005204908503209,0.1056832690280701,0.0770882271523344,2.681620088239671,1928611.0
2022,WHRL4,INDUSTRIALS,0.3700782583942537,0.1005204908503209,0.1056832690280701,0.0770882271523344,2.681620088239671,1928611.0
2022,WLMM3,INDUSTRIALS,0.1177609686227503,0.0955921224798767,0.0782750198492165,0.0549089357288924,0.2319108056999191,462182.0
2022,WLMM4,INDUSTRIALS,0.1177609686227503,0.0955921224798767,0.0782750198492165,0.0549089357288924,0.2319108056999191,462182.0
2022,BALM3,MATERIALS,,,,,,
2022,BALM4,MATERIALS,,,,,,
2022,BRAP3,MATERIALS,0.1303488792481721,0.1298523630079574,,,0.0038236981500622,11254811.0
2022,BRAP4,MATERIALS,0.1303488792481721,0.1298523630079574,,,0.0038236981500622,11254811.0
2022,BRKM3,MATERIALS,1.8143730353770495,-0.0814938037381871,-0.0012280100671818,-0.1198306681183053,-23.26393851004961,-3866518.0
2022,BRKM5,MATERIALS,1.8143730353770495,-0.0814938037381871,-0.0012280100671818,-0.1198306681183053,-23.26393851004961,-3866518.0
2022,BRKM6,MATERIALS,1.8143730353770495,-0.0814938037381871,-0.0012280100671818,-0.1198306681183053,-23.26393851004961,-3866518.0
2022,CBAV3,MATERIALS,-0.2352483187095218,-0.078482233210492,0.079636218622156,-0.1625943243334142,1.9974722824027915,3740133.0
2022,CRPG5,MATERIALS,0.2534278764892608,0.1734267444047395,0.1815201595649422,0.2521186237933858,0.4612963955421802,727710.0
2022,CRPG6,MATERIALS,0.2534278764892608,0.1734267444047395,0.1815201595649422,0.2521186237933858,0.4612963955421802,727710.0
2022,DEXP3,MATERIALS,0.4550865817980549,0.1701059386404718,0.1769566935189569,0.1446535189971659,1.6753127223847553,316175.0
2022,DEXP4,MATERIALS,0.4550865817980549,0.1701059386404718,0.1769566935189569,0.1446535189971659,1.6753127223847553,316175.0
2022,EALT3,MATERIALS,0.1374537137878458,0.0604995853566172,0.1271592041974651,0.1002577739294835,1.271977782618166,183640.0
2022,EALT4,MATERIALS,0.1374537137878458,0.0604995853566172,0.1271592041974651,0.1002577739294835,1.271977782618166,183640.0
2022,FESA3,MATERIALS,0.0395151891411397,0.0248524503343228,0.171944348370765,0.0431647224847551,0.5899916752500952,1771825.0
2022,FESA4,MATERIALS,0.0395151891411397,0.0248524503343228,0.171944348370765,0.0431647224847551,0.5899916752500952,1771825.0
2022,FHER3,MATERIALS,1.3447498295289595,-0.1099903750207768,0.0698805704293033,-0.089957420133394,-13.22606822892404,-148119.0
2022,GGBR3,MATERIALS,0.0768228363263429,0.0378317516517629,0.1185535818706893,0.0545035370694754,1.0306444447375456,31085210.0
2022,GGBR4,MATERIALS,0.0768228363263429,0.0378317516517629,0.1185535818706893,0.0545035370694754,1.0306444447375456,31085210.0
2022,GOAU3,MATERIALS,0.0730619318641599,0.0368039731658443,0.1183692828297815,0.0544016533643841,0.985164252102118,32624240.0
2022,GOAU4,MATERIALS,0.0730619318641599,0.0368039731658443,0.1183692828297815,0.0544016533643841,0.985164252102118,32624240.0
2022,HETA4,MATERIALS,0.309986468980453,-8.900148894864198,-67.97024072144858,-68.07658884134437,-1.0212334308071227,-555021.0
2022,KEPL3,MATERIALS,0.1306865050004733,0.0713022435174508,0.1198150297284292,0.1007831739027446,0.8328526362356105,517651.0
2022,KLBN11,MATERIALS,-0.5449533053226846,-0.0677480101437298,0.2690452274932516,-0.1999775040058436,7.043827474291073,4384761.0
2022,MGEL4,MATERIALS,0.0772890455626158,-0.0778356757734574,0.1437930504417588,-0.0566929940781624,-1.9929771251369024,-400833.0
2022,MTSA4,MATERIALS,0.2050465779331824,0.1605582622387548,0.1910914852844479,0.1555869842885451,0.2770851843692238,278966543.0
2022,MWET4,MATERIALS,-0.1343796614566444,0.1352156794500881,0.3030829820352652,0.1699939834819231,-1.9938171519986163,-185028.0
2022,PATI3,MATERIALS,0.301829560753259,0.133246884293363,0.1642985547647924,0.1270578832087313,1.2651903821535957,604626.0
2022,PATI4,MATERIALS,0.301829560753259,0.133246884293363,0.1642985547647924,0.1270578832087313,1.2651903821535957,604626.0
2022,PMAM3,MATERIALS,3.3289135225248607,-0.2137066270077689,-0.0535321746445885,-0.200677586495225,-21.301696963593333,-198590.0
2022,RANI3,MATERIALS,0.1179925206064923,0.0511328651900621,0.1607558238353543,0.0900937738258846,1.3075671619008853,786160.0
2022,SHUL4,MATERIALS,0.1910339235104583,0.0795626994060525,0.1366967249217784,0.1349139681938695,1.4010487946808623,742376.0
2022,SNSY3,MATERIALS,0.1019151643459693,-0.3518996024553638,-0.0989237892629207,-0.2748541327743711,-1.2896143207746211,-1379255.0
2022,SNSY5,MATERIALS,0.1019151643459693,-0.3518996024553638,-0.0989237892629207,-0.2748541327743711,-1.2896143207746211,-1379255.0
2022,SUZB3,MATERIALS,-1.094174561730468,-0.1052539908645857,0.2771936052978113,-0.3517674839266891,10.542091725172618,7337378.0
2022,TUPY3,MATERIALS,-0.0298458129508348,-0.0124662233395639,0.0509233379587917,-0.0178997725477006,1.394134304983401,2553457.0
2022,UNIP3,MATERIALS,0.2128848174192758,0.0821185915657287,0.1935048729093436,0.0957067366591843,1.5924070708017477,1739039.0
2022,UNIP5,MATERIALS,0.2128848174192758,0.0821185915657287,0.1935048729093436,0.0957067366591843,1.5924070708017477,1739039.0
2022,UNIP6,MATERIALS,0.2128848174192758,0.0821185915657287,0.1935048729093436,0.0957067366591843,1.5924070708017477,1739039.0
2022,USIM3,MATERIALS,0.0767151656029129,0.0431269061035611,0.1820273206476458,0.0802920701648652,0.7788237676659637,16838170.0
2022,USIM5,MATERIALS,0.0767151656029129,0.0431269061035611,0.1820273206476458,0.0802920701648652,0.7788237676659637,16838170.0
2022,USIM6,MATERIALS,0.0767151656029129,0.0431269061035611,0.1820273206476458,0.0802920701648652,0.7788237676659637,16838170.0
2022,VALE3,MATERIALS,0.1375926491633738,0.0520828357563326,0.2496903460687645,0.1194192164160915,1.641804102355241,180985984.0
2022,AESB3,UTILITIES,0.0,0.0,,,0.0,500.0
2022,AFLT3,UTILITIES,0.0998031569569879,0.0900410524441364,0.5335652657946006,0.5207069301419427,0.1084183741511477,187459.0
2022,ALUP11,UTILITIES,0.2298019091120288,0.0910461802997894,0.54041553589996,0.3347321864040926,1.5240148280285426,8944682.0
2022,AMBP3,UTILITIES,0.0404022027330206,0.0301205295588449,0.184041892099907,0.0705845966146531,0.3413510095859677,1225750.0
2022,CBEE3,UTILITIES,0.0136231686314039,0.0042035008553235,0.050405699196506,0.0078601407769142,2.2409101604322745,3591235.0
2022,CEBR3,UTILITIES,0.5166131046540671,0.1213884321319466,0.5146564358996465,1.8237387235576732,3.255867676851775,900825.0
2022,CEBR5,UTILITIES,0.5166131046540671,0.1213884321319466,0.5146564358996465,1.8237387235576732,3.255867676851775,900825.0
2022,CEBR6,UTILITIES,0.5166131046540671,0.1213884321319466,0.5146564358996465,1.8237387235576732,3.255867676851775,900825.0
2022,CEEB3,UTILITIES,0.1995416598461286,0.0582668132498446,0.1604785112981834,0.1080194949047408,2.424619413979374,6109000.0
2022,CEED3,UTILITIES,0.2825923654519829,-0.1616889638104802,-0.1061114241656582,-0.1940848246314704,-1.6991011848729929,-5742894.0
2022,CGAS3,UTILITIES,1.9500196592842665,0.1083757720250122,0.240854823772607,0.1383332225253378,16.993132808633817,590052.0
2022,CGAS5,UTILITIES,1.9500196592842665,0.1083757720250122,0.240854823772607,0.1383332225253378,16.993132808633817,590052.0
2022,CLSC3,UTILITIES,0.2613494020584065,0.048624041388721,0.0769452628489507,0.0585509160486301,4.374900863732603,1984642.0
2022,CLSC4,UTILITIES,0.2613494020584065,0.048624041388721,0.0769452628489507,0.0585509160486301,4.374900863732603,1984642.0
2022,CMIG3,UTILITIES,0.1639333953869889,0.0529762912911025,0.1865532724543035,0.1135707780657117,2.0944671926198413,17477348.0
2022,CMIG4,UTILITIES,0.1639333953869889,0.0529762912911025,0.1865532724543035,0.1135707780657117,2.0944671926198413,17477348.0
2022,COCE5,UTILITIES,0.0820854542325326,0.0283119931875524,0.0670303073066782,0.0451961888633861,1.8993173913527983,3230548.0
2022,CPFE3,UTILITIES,0.2603992560153719,0.0754881128275212,0.1654877405209023,0.1199731714767125,2.449539884648384,14235778.0
2022,CPLE3,UTILITIES,0.1930691353179212,0.0835690516020378,0.228262178002344,0.2098265310574661,1.3102946798694235,20250518.0
2022,CPLE5,UTILITIES,0.1930691353179212,0.0835690516020378,0.228262178002344,0.2098265310574661,1.3102946798694235,20250518.0
2022,CPLE6,UTILITIES,0.1930691353179212,0.0835690516020378,0.228262178002344,0.2098265310574661,1.3102946798694235,20250518.0
2022,CSMG3,UTILITIES,0.126455949343092,0.0693548509032566,0.2396161350826019,0.1528027985502695,0.8233180187999527,6456612.0
2022,CSRN3,UTILITIES,0.2573363431151241,0.074074074074074,0.1675017895490336,0.1224051539012169,2.474040632054176,1329000.0
2022,CSRN5,UTILITIES,0.2573363431151241,0.074074074074074,0.1675017895490336,0.1224051539012169,2.474040632054176,1329000.0
2022,CSRN6,UTILITIES,0.2573363431151241,0.074074074074074,0.1675017895490336,0.1224051539012169,2.474040632054176,1329000.0
2022,EGIE3,UTILITIES,0.3613108657480924,0.0794988996837628,0.4543185221759502,0.2281778056716615,3.5448536669733057,7741998.0
2022,EKTR3,UTILITIES,0.198524480214621,0.0638068549256305,0.139031172252305,0.0866383726035416,2.1113346747149566,2982000.0
2022,EKTR4,UTILITIES,0.198524480214621,0.0638068549256305,0.139031172252305,0.0866383726035416,2.1113346747149566,2982000.0
2022,ELET3,UTILITIES,0.0866061143279736,0.0356900024316848,0.2965660200010914,0.2196423770103368,1.4266211383355525,73751294.0
2022,ELET6,UTILITIES,0.0866061143279736,0.0356900024316848,0.2965660200010914,0.2196423770103368,1.4266211383355525,73751294.0
2022,EMAE4,UTILITIES,0.276244131978127,0.1159769945022165,0.3200717463114836,0.4439079374948281,1.3818873144953536,718513.0
2022,ENBR3,UTILITIES,0.1522635422932617,0.0565813391909527,0.1877541745084691,0.1143848689918445,1.6910558228287462,11256273.0
2022,ENEV3,UTILITIES,0.1269157733074088,0.0620625257120194,0.3443316686754176,0.3103423078097092,1.0449662957050667,7930740.0
2022,ENGI11,UTILITIES,0.2138830222565682,0.03528039876911,0.1329276119555687,0.0790682515397776,5.062375418608776,7515669.0
2022,ENGI3,UTILITIES,0.2138830222565682,0.03528039876911,0.1329276119555687,0.0790682515397776,5.062375418608776,7515669.0
2022,ENGI4,UTILITIES,0.2138830222565682,0.03528039876911,0.1329276119555687,0.0790682515397776,5.062375418608776,7515669.0
2022,ENMT3,UTILITIES,0.24381451473983,0.0716188023784973,0.1827730494658548,0.1330414908144765,2.404336663594258,2780663.0
2022,ENMT4,UTILITIES,0.24381451473983,0.0716188023784973,0.1827730494658548,0.1330414908144765,2.404336663594258,2780663.0
2022,EQTL3,UTILITIES,0.2807880971002371,0.0781355143978268,0.2673230047351969,0.1927132310110151,2.593604000232276,12278487.0
2022,GEPA3,UTILITIES,0.3671349301998594,0.1226916477947622,0.959906255211298,0.4836553025343618,1.992338409326772,1911744.0
2022,GEPA4,UTILITIES,0.3671349301998594,0.1226916477947622,0.959906255211298,0.4836553025343618,1.992338409326772,1911744.0
2022,GPAR3,UTILITIES,0.1173091548308019,0.0818273845138788,0.8607663132488579,0.5977789271039853,0.433617309507246,1418781.0
2022,LIGT3,UTILITIES,0.097781411862731,0.0262118811849681,0.136249998852638,0.0529256659365365,2.730423282965519,7076212.0
2022,LIPR3,UTILITIES,0.2222091299182058,0.1691276048918482,,,0.2197592325291385,203682.0
2022,MEGA3,UTILITIES,0.0,0.0,,,0.0,100.0
2022,NEOE3,UTILITIES,0.1350597424333999,0.0438179706472389,0.1524899184094532,0.0908124667854575,2.0822911339439303,21509000.0
2022,ORVR3,UTILITIES,0.2853999951647608,0.0351935795939844,0.2634857947587558,0.0602345089395052,7.109433551724972,82726.0
2022,POWE3,UTILITIES,0.2096351469409444,0.0522980377001535,0.0646415491489195,0.0379206527122487,3.008470607307869,222062.0
2022,REDE3,UTILITIES,0.2142337944222662,0.0567048009625468,0.1620007213714022,0.1086793371349163,2.7780538999469586,5731360.0
2022,RNEW11,UTILITIES,-0.0202539279565417,0.009766941293865,-0.0393208221626452,0.3182263075024469,-3.073722708793585,-1107637.0
2022,RNEW3,UTILITIES,-0.0202539279565417,0.009766941293865,-0.0393208221626452,0.3182263075024469,-3.073722708793585,-1107637.0
2022,RNEW4,UTILITIES,-0.0202539279565417,0.009766941293865,-0.0393208221626452,0.3182263075024469,-3.073722708793585,-1107637.0
2022,SAPR11,UTILITIES,0.1434998717443332,0.0755328425186595,0.3272172687411908,0.2075863786042955,0.8998341245913426,6943163.0
2022,SAPR3,UTILITIES,0.1434998717443332,0.0755328425186595,0.3272172687411908,0.2075863786042955,0.8998341245913426,6943163.0
2022,SAPR4,UTILITIES,0.1434998717443332,0.0755328425186595,0.3272172687411908,0.2075863786042955,0.8998341245913426,6943163.0
2022,SBSP3,UTILITIES,0.0427011774830453,0.0193047269267657,0.2524153758095008,0.0546883414961651,1.2119544941006517,22793704.0
2022,TAEE11,UTILITIES,0.3755331980064734,0.1604296192831988,0.8970649928143934,0.6354241136488336,1.3407971650394697,6025904.0
2022,TAEE3,UTILITIES,0.3755331980064734,0.1604296192831988,0.8970649928143934,0.6354241136488336,1.3407971650394697,6025904.0
2022,TAEE4,UTILITIES,0.3755331980064734,0.1604296192831988,0.8970649928143934,0.6354241136488336,1.3407971650394697,6025904.0
2022,TRPL3,UTILITIES,0.2394721524466278,0.137548827160047,1.1977081658292816,0.9151131849450336,0.7409974144525885,14125442.0
2022,TRPL4,UTILITIES,0.2394721524466278,0.137548827160047,1.1977081658292816,0.9151131849450336,0.7409974144525885,14125442.0
2023,ENAT3,ENERGY,0.341044268693423,0.2075064669425939,1.123476335229456,0.7605720988544017,0.6056313719540883,4165912.0
2023,OPCT3,ENERGY,-0.0482331373192794,-0.0190645195039313,0.0352737284398969,-0.0537017579057017,1.7674627081744128,897985.0
2023,PETR3,ENERGY,0.2753317025214268,0.1102460452787447,0.4657519418204954,0.2369595376744104,1.497429289416065,389581000.0
2023,PETR4,ENERGY,0.2753317025214268,0.1102460452787447,0.4657519418204954,0.2369595376744104,1.497429289416065,389581000.0
2023,PRIO3,ENERGY,0.2013588914858036,0.1090745949569182,0.4825845205292171,0.303240466396406,0.8460659108139286,6620249.0
2023,RECV3,ENERGY,0.0945067696399159,0.0375152187739176,0.2735007745501651,0.1699964635922983,1.5191581637695646,1871813.0
2023,RPMG3,ENERGY,0.1017391695634076,-0.0808279018569043,-0.1189363700034408,-0.1548124626156332,-1.9813778311503825,-3555720.0
2023,RRRP3,ENERGY,0.0038297714375354,0.0029322555630064,0.5702742103245539,0.0219717257099831,0.3060837826866358,4175445.0
2023,UGPA3,ENERGY,0.0844261856639068,0.0226575214371916,0.0161244342874123,0.0080548173535868,2.6494900243603383,10469240.0
2023,ABCB4,FINANCIALS,,0.0130029361438941,0.2081674215075245,0.1984375269575541,,0.0
2023,APER3,FINANCIALS,0.0147745731752525,0.0082503095748004,0.0505797436350537,0.0297959683010045,0.7907901565754265,296726.0
2023,BAZA3,FINANCIALS,0.2091093512114551,0.0284303795956341,0.964070325243272,0.5225869875777057,5.460526390370482,3528484.0
2023,BBAS3,FINANCIALS,1.012009500831759,0.0103840627237587,0.1904749590457405,0.1565963224102045,86.26586909828302,19488820.0
2023,BBDC3,FINANCIALS,0.0736856738387759,0.0139539221871056,0.2618898952149993,0.1863852400529446,3.6875850495837423,317304610.0
2023,BBDC4,FINANCIALS,0.0736856738387759,0.0139539221871056,0.2618898952149993,0.1863852400529446,3.6875850495837423,317304610.0
2023,BBSE3,FINANCIALS,0.5401719940187458,0.2449079010923022,,,0.8285208536361609,7281416.0
2023,BEES3,FINANCIALS,1.3281939595072654,0.0067744655510503,0.1622425682392181,0.1091713831213513,177.5385453036955,173562.0
2023,BEES4,FINANCIALS,1.3281939595072654,0.0067744655510503,0.1622425682392181,0.1091713831213513,177.5385453036955,173562.0
2023,BGIP3,FINANCIALS,0.0,0.0,0.2020673201363958,0.0,686.2988914878471,9833.0
2023,BGIP4,FINANCIALS,0.0,0.0,0.2020673201363958,0.0,686.2988914878471,9833.0
2023,BMEB3,FINANCIALS,,,0.0639026829127401,,0.0,10230839.0
2023,BMEB4,FINANCIALS,,,0.0639026829127401,,0.0,10230839.0
2023,BMGB4,FINANCIALS,,,-0.01289119436417,,0.0023298748606994,28040991.0
2023,BMIN3,FINANCIALS,,0.0,0.3554932009497086,0.0,,0.0
2023,BMIN4,FINANCIALS,,0.0,0.3554932009497086,0.0,,0.0
2023,BNBR3,FINANCIALS,0.2218197576815959,0.0268397750371036,0.5660894853808252,0.3234303468703057,5.900868821792786,7296433.0
2023,BPAN4,FINANCIALS,,,0.1237744785363018,,0.0015221118846481,35916545.0
2023,BRBI11,FINANCIALS,0.1807337273170439,0.0454924095655451,0.4514526044493872,0.6119341727237823,2.972832589943249,767206.0
2023,BRGE11,FINANCIALS,0.0133611691022964,0.0076863221299641,-5.534224475685642,5.450103710532381,0.7383045982693986,1769905.0
2023,BRGE12,FINANCIALS,0.0133611691022964,0.0076863221299641,-5.534224475685642,5.450103710532381,0.7383045982693986,1769905.0
2023,BRGE3,FINANCIALS,0.0133611691022964,0.0076863221299641,-5.534224475685642,5.450103710532381,0.7383045982693986,1769905.0
2023,BRGE6,FINANCIALS,0.0133611691022964,0.0076863221299641,-5.534224475685642,5.450103710532381,0.7383045982693986,1769905.0
2023,BRGE8,FINANCIALS,0.0133611691022964,0.0076863221299641,-5.534224475685642,5.450103710532381,0.7383045982693986,1769905.0
2023,BRIV3,FINANCIALS,0.0,0.0,0.0852599470446476,0.0,1230.3846323813732,18103.0
2023,BRIV4,FINANCIALS,0.0,0.0,0.0852599470446476,0.0,1230.3846323813732,18103.0
2023,BRSR3,FINANCIALS,0.4683441803820292,0.0102531775121509,0.1923684375378092,0.1412367424299156,39.64425768614529,2315530.0
2023,BRSR5,FINANCIALS,0.4683441803820292,0.0102531775121509,0.1923684375378092,0.1412367424299156,39.64425768614529,2315530.0
2023,BRSR6,FINANCIALS,0.4683441803820292,0.0102531775121509,0.1923684375378092,0.1412367424299156,39.64425768614529,2315530.0
2023,BSLI3,FINANCIALS,-0.5932156256961197,-0.0128322335517779,-0.0918198849867988,-0.1178909906325726,37.25226871351968,686843.0
2023,BSLI4,FINANCIALS,-0.5932156256961197,-0.0128322335517779,-0.0918198849867988,-0.1178909906325726,37.25226871351968,686843.0
2023,CIEL3,FINANCIALS,-0.0240297513878506,-0.0031610963451343,0.0088825067776651,-0.0271311135909302,6.60171433080107,13193603.0
2023,CRIV3,FINANCIALS,0.0,0.0,0.1543586958417311,0.0,541.9760554161667,18334.0
2023,CRIV4,FINANCIALS,0.0,0.0,0.1543586958417311,0.0,541.9760554161667,18334.0
2023,CSAB3,FINANCIALS,0.0536181141810727,0.0248256260398447,2.5029401591144933,3.220684884123141,1.159789005724026,173654.0
2023,CSAB4,FINANCIALS,0.0536181141810727,0.0248256260398447,2.5029401591144933,3.220684884123141,1.159789005724026,173654.0
2023,CXSE3,FINANCIALS,0.1795807825703924,0.1779569885409015,,,0.0091246432230878,10558769.0
2023,HBTS5,FINANCIALS,0.4174182161077395,0.143606217209092,0.0557103898828253,0.7113788246576164,1.9066862439526189,454949.0
2023,IRBR3,FINANCIALS,-0.1878462782993429,-0.0226798963072229,-0.0011469273964034,-0.0854719441602478,5.23890891381151,3634360.0
2023,ITSA3,FINANCIALS,0.1912153996662254,0.15458066316977,1.6030599755201955,1.6268053855569156,0.2369943028140645,69508000.0
2023,ITSA4,FINANCIALS,0.1912153996662254,0.15458066316977,1.6030599755201955,1.6268053855569156,0.2369943028140645,69508000.0
2023,ITUB3,FINANCIALS,,,0.2158177423228859,,0.0408722644350968,1553107000.0
2023,ITUB4,FINANCIALS,,,0.2158177423228859,,0.0408722644350968,1553107000.0
2023,MERC4,FINANCIALS,,0.0,0.1684158334021981,0.0,,0.0
2023,MODL3,FINANCIALS,,,0.2385195277835047,,0.0342586057081999,5273186.0
2023,PINE4,FINANCIALS,,,0.0068747627498788,,0.1447965676337702,12377234.0
2023,PSSA3,FINANCIALS,0.1649020665629583,0.0370956345633806,0.0587516047224598,0.0727546264462407,3.4453227045142154,9364728.0
2023,QUAL3,FINANCIALS,0.2959149020939587,0.0856816304730173,0.3037311809698609,0.1799653525700341,2.453656290856273,1275049.0
2023,RPAD3,FINANCIALS,0.0186353459378603,0.0184611805047645,,,0.0094341438810418,1038886.0
2023,RPAD5,FINANCIALS,0.0186353459378603,0.0184611805047645,,,0.0094341438810418,1038886.0
2023,RPAD6,FINANCIALS,0.0186353459378603,0.0184611805047645,,,0.0094341438810418,1038886.0
2023,SANB11,FINANCIALS,1.335885406973634,0.0167087443227906,0.3173635381798279,0.1995109640148112,68.46544679891787,11604482.0
2023,BALM3,MATERIALS,0.0769189890907434,0.0444130784505393,0.0887161859213869,0.0757136451950381,0.731899516409435,131723.0
2023,BALM4,MATERIALS,0.0769189890907434,0.0444130784505393,0.0887161859213869,0.0757136451950381,0.731899516409435,131723.0
2023,BRAP3,MATERIALS,1.0768313471885866,1.069559073655939,,,0.0067993191884107,7502810.0
2023,BRAP4,MATERIALS,1.0768313471885866,1.069559073655939,,,0.0067993191884107,7502810.0
2023,BRKM3,MATERIALS,2.250484700736384,0.1508314732943458,0.2465656562395559,0.1321807662169561,13.92052455354984,6203828.0
2023,BRKM5,MATERIALS,2.250484700736384,0.1508314732943458,0.2465656562395559,0.1321807662169561,13.92052455354984,6203828.0
2023,BRKM6,MATERIALS,2.250484700736384,0.1508314732943458,0.2465656562395559,0.1321807662169561,13.92052455354984,6203828.0
2023,CBAV3,MATERIALS,0.1776357877608073,0.0700134648511056,0.1607391745160379,0.0994549564416289,1.5371660742483908,4715981.0
2023,CRPG5,MATERIALS,0.3154328280593556,0.2307760338273722,0.2955602563473734,0.2886548233150461,0.3668352940639811,876884.0
2023,CRPG6,MATERIALS,0.3154328280593556,0.2307760338273722,0.2955602563473734,0.2886548233150461,0.3668352940639811,876884.0
2023,DEXP3,MATERIALS,0.4335863538801622,0.1772911964579583,0.1431886041093466,0.1294441933415013,1.4456169428749954,529733.0
2023,DEXP4,MATERIALS,0.4335863538801622,0.1772911964579583,0.1431886041093466,0.1294441933415013,1.4456169428749954,529733.0
2023,EALT3,MATERIALS,0.1934454524630161,0.0738648614563458,0.1151028327512611,0.0939412753848143,1.6189103810523289,187717.0
2023,EALT4,MATERIALS,0.1934454524630161,0.0738648614563458,0.1151028327512611,0.0939412753848143,1.6189103810523289,187717.0
2023,FESA3,MATERIALS,0.2712368459577965,0.1892805767680568,0.3351536758880709,0.269057622232815,0.4329882684696611,2370279.0
2023,FESA4,MATERIALS,0.2712368459577965,0.1892805767680568,0.3351536758880709,0.269057622232815,0.4329882684696611,2370279.0
2023,FHER3,MATERIALS,1.285343032339224,0.2315597459960928,0.1963366926350758,0.1554772277744532,4.550805157477205,519091.0
2023,GGBR3,MATERIALS,0.3633937208332402,0.21078398121521,0.2683387614341735,0.1985949570975617,0.7240101393768432,42815649.0
2023,GGBR4,MATERIALS,0.3633937208332402,0.21078398121521,0.2683387614341735,0.1985949570975617,0.7240101393768432,42815649.0
2023,GOAU3,MATERIALS,0.3565567680691465,0.2084645789228333,0.2678479456802144,0.1985331791283743,0.7103949741079615,43623062.0
2023,GOAU4,MATERIALS,0.3565567680691465,0.2084645789228333,0.2678479456802144,0.1985331791283743,0.7103949741079615,43623062.0
2023,HETA4,MATERIALS,-0.0007988055782955,0.043563772248992,0.7247403862516293,0.1692777990064959,-1.018336464843539,-554578.0
2023,KEPL3,MATERIALS,0.3349760630808223,0.151841719723958,0.1670824569659079,0.1261112773909845,1.2060871260533328,461630.0
2023,KLBN11,MATERIALS,,,,,,
2023,MGEL4,MATERIALS,-0.594386110160249,0.2529572091872947,0.2238120731331419,0.1730411344953613,-3.3497496357977026,-251234.0
2023,MTSA4,MATERIALS,0.1683665993501379,0.1136754984053254,0.1312656881168077,0.0914234094263426,0.4811159987159584,315893195.0
2023,MWET4,MATERIALS,-1.7655584219291065,0.5799792725745785,0.075417838991207,0.4843955172850657,-4.963713885580615,-49675.0
2023,PATI3,MATERIALS,0.3433577066100466,0.1472579514063016,0.1558461611688087,0.1099414178960438,1.3316751545910288,854351.0
2023,PATI4,MATERIALS,0.3433577066100466,0.1472579514063016,0.1558461611688087,0.1099414178960438,1.3316751545910288,854351.0
2023,PMAM3,MATERIALS,0.8397098192292454,-0.2584134070518712,-0.0452108064871874,-0.1634450559252102,-4.214218480418773,-954026.0
2023,RANI3,MATERIALS,0.2979963193439157,0.1206244451021012,0.271400406268643,0.177672785605486,1.470447172558432,957438.0
2023,SHUL4,MATERIALS,0.2121299179619606,0.0883698109400721,0.1409903439704045,0.1129855130242074,1.400479481684262,908481.0
2023,SNSY3,MATERIALS,0.0766512268092516,-0.2544982518220837,-0.0087378406106148,-0.153752155253447,-1.301185671258903,-1493753.0
2023,SNSY5,MATERIALS,0.0766512268092516,-0.2544982518220837,-0.0087378406106148,-0.153752155253447,-1.301185671258903,-1493753.0
2023,SUZB3,MATERIALS,0.5690581892873405,0.0725826515439123,0.4437934755281837,0.2108004673501421,6.840140545748207,15175130.0
2023,TKNO4,MATERIALS,0.2780663136895092,0.1963224456805971,0.2335070335763425,0.2119955847622959,0.4163755587168242,237598.0
2023,TUPY3,MATERIALS,0.0737000465637614,0.0270166489406744,0.0614503140471596,0.0286496289817134,1.7279492258865456,2753214.0
2023,UNIP3,MATERIALS,0.863186465969139,0.3207052326042923,0.4681690643369788,0.3186063657578367,1.6915259815364363,2321437.0
2023,UNIP5,MATERIALS,0.863186465969139,0.3207052326042923,0.4681690643369788,0.3186063657578367,1.6915259815364363,2321437.0
2023,UNIP6,MATERIALS,0.863186465969139,0.3207052326042923,0.4681690643369788,0.3186063657578367,1.6915259815364363,2321437.0
2023,USIM3,MATERIALS,0.4129955769449379,0.2548012719555294,0.3405896867305547,0.2981878867345621,0.6208536706873982,24358503.0
2023,USIM5,MATERIALS,0.4129955769449379,0.2548012719555294,0.3405896867305547,0.2981878867345621,0.6208536706873982,24358503.0
2023,USIM6,MATERIALS,0.4129955769449379,0.2548012719555294,0.3405896867305547,0.2981878867345621,0.6208536706873982,24358503.0
2023,VALE3,MATERIALS,0.6157730211409839,0.2431099838117677,0.4815108815633475,0.4134006077867568,1.5328989434582712,197058000.0
2023,AESB3,UTILITIES,0.1052402487112801,0.0358401323647967,0.0947391088848093,0.2171670645331407,1.936380023379892,4034236.0
2023,AFLT3,UTILITIES,0.4032353202595367,0.2615205748294151,0.8579692317921526,0.729715870678561,0.1148482130592522,247518.0
2023,ALUP11,UTILITIES,0.2122450301812997,0.0825358325208635,0.7221745868715955,0.4055658468291669,1.5715501219139942,10001723.0
2023,AMBP3,UTILITIES,0.1294296453217978,0.0347373342776489,0.1715475189059098,0.0881219955623555,2.725952149560216,1304732.0
2023,AURE3,UTILITIES,0.034449287930214,0.0159307427818853,0.5182324395967554,0.1187623708421204,1.1624407852084475,9046515.0
2023,CBEE3,UTILITIES,0.0224623838158365,0.0051392420834924,0.0618101253468366,0.009842838191043,3.3707580711146328,3712963.0
2023,CEBR3,UTILITIES,,,,,,
2023,CEBR5,UTILITIES,,,,,,
2023,CEBR6,UTILITIES,,,,,,
2023,CEEB3,UTILITIES,0.2702396373056995,0.0684100504160347,0.197546442341395,0.116999649491763,2.9502914507772022,6176000.0
2023,CEED3,UTILITIES,0.1483287180567679,-0.0518690484075824,0.0359893661561403,-0.0806523974834203,-3.537303599915721,-2657840.0
2023,CGAS3,UTILITIES,1.9173800258229832,0.1726864153015385,0.2202728623664815,0.1809712159469664,10.10324759753062,1105217.0
2023,CGAS5,UTILITIES,1.9173800258229832,0.1726864153015385,0.2202728623664815,0.1809712159469664,10.10324759753062,1105217.0
2023,CLSC3,UTILITIES,0.214838887619408,0.0470948705265697,0.0703052051968205,0.0496556467149551,3.561832004574709,2621369.0
2023,CLSC4,UTILITIES,0.214838887619408,0.0470948705265697,0.0703052051968205,0.0496556467149551,3.561832004574709,2621369.0
2023,CMIG3,UTILITIES,0.1928329213717255,0.0721070369394591,0.2065965232601276,0.1115394352477751,1.6742594004192324,19461765.0
2023,CMIG4,UTILITIES,0.1928329213717255,0.0721070369394591,0.2065965232601276,0.1115394352477751,1.6742594004192324,19461765.0
2023,COCE5,UTILITIES,0.1401245552877204,0.0434769067502318,0.1133478274326663,0.0602486686305345,2.2229651500442382,3486805.0
2023,CPFE3,UTILITIES,0.2888126999374861,0.0734083477891474,0.1889291517083791,0.1237881326028149,2.9343304765154192,16805878.0
2023,CPLE3,UTILITIES,0.227668477921429,0.1019146794445868,0.2270669125999034,0.2104962303027811,1.2339125154705235,22175235.0
2023,CPLE5,UTILITIES,0.227668477921429,0.1019146794445868,0.2270669125999034,0.2104962303027811,1.2339125154705235,22175235.0
2023,CPLE6,UTILITIES,0.227668477921429,0.1019146794445868,0.2270669125999034,0.2104962303027811,1.2339125154705235,22175235.0
2023,CSMG3,UTILITIES,0.0795251982334801,0.0422576473963676,0.1436467612486449,0.0911982099204201,0.8819125799302303,6759958.0
2023,CSRN3,UTILITIES,0.3522802379378718,0.1026579352850539,0.1991150442477876,0.1474004424778761,2.4315928618638467,1513000.0
2023,CSRN5,UTILITIES,0.3522802379378718,0.1026579352850539,0.1991150442477876,0.1474004424778761,2.4315928618638467,1513000.0
2023,CSRN6,UTILITIES,0.3522802379378718,0.1026579352850539,0.1991150442477876,0.1474004424778761,2.4315928618638467,1513000.0
2023,EGIE3,UTILITIES,0.1972834369374871,0.0410583820719663,0.3905790383020114,0.1247915482685817,3.8049491232190418,7932597.0
2023,EKTR3,UTILITIES,0.2541743970315399,0.0769879179544816,0.164726631393298,0.0966490299823633,2.301484230055659,3234000.0
2023,EKTR4,UTILITIES,0.2541743970315399,0.0769879179544816,0.164726631393298,0.0966490299823633,2.301484230055659,3234000.0
2023,ELET3,UTILITIES,0.0747693660516689,0.0303427502819935,0.3469430930113405,0.1518927157022415,1.4641591601549628,76416764.0
2023,ELET5,UTILITIES,0.0866061143279736,0.0356900024316848,0.2965660200010914,0.2196423770103368,1.4266211383355525,73751294.0
2023,ELET6,UTILITIES,0.0747693660516689,0.0303427502819935,0.3469430930113405,0.1518927157022415,1.4641591601549628,76416764.0
2023,EMAE4,UTILITIES,0.2032141666237424,0.0918279281414825,0.1061029367287684,0.2833860089523348,1.2129886924013262,737734.0
2023,ENEV3,UTILITIES,0.1304147122759284,0.0643091596369437,0.3106366138277326,0.2289599977831728,1.02793370356855,8996623.0
2023,ENGI11,UTILITIES,,,,,,
2023,ENGI3,UTILITIES,,,,,,
2023,ENGI4,UTILITIES,,,,,,
2023,ENMT3,UTILITIES,0.3939030599389367,0.1003906874870348,0.229696012680681,0.1547663296676646,2.923701189812136,2877345.0
2023,ENMT4,UTILITIES,0.3939030599389367,0.1003906874870348,0.229696012680681,0.1547663296676646,2.923701189812136,2877345.0
2023,EQTL3,UTILITIES,0.2946021602150355,0.0697165648804248,0.2057471001678734,0.177489758418896,3.2257125077852864,14604472.0
2023,GEPA3,UTILITIES,-0.0046129716763539,-0.0022194451135006,0.1530563679684826,-0.0065339531678906,1.0784346719338416,1907664.0
2023,GEPA4,UTILITIES,-0.0046129716763539,-0.0022194451135006,0.1530563679684826,-0.0065339531678906,1.0784346719338416,1907664.0
2023,GPAR3,UTILITIES,0.1070170231296015,0.0763153944812796,0.817195368688435,0.626980786555019,0.4022992851835817,1586841.0
2023,LIGT3,UTILITIES,0.0455674336069169,0.014072664307979,0.0767423237606323,0.0267114469670933,2.2380104157732745,8733101.0
2023,LIPR3,UTILITIES,0.1036507675309715,0.0877812595810421,,,0.1807846916946801,212695.0
2023,NEOE3,UTILITIES,0.1677531149434772,0.0473892773892773,0.1823699756747364,0.0941966871307772,2.539896031025662,24238000.0
2023,ORVR3,UTILITIES,-0.0954420528058016,-0.046024958895182,0.182959983100506,-0.1031179863932494,2.264809305573978,369413.0
2023,REDE3,UTILITIES,0.3856245293652454,0.0827747440937852,0.2039373541944281,0.1306619068502178,3.65872209678264,5289399.0
2023,RNEW11,UTILITIES,-0.0468275041201245,0.0134550618822354,3.344049801731122,0.3271116701488082,-4.48028901910517,-655320.0
2023,RNEW3,UTILITIES,-0.0468275041201245,0.0134550618822354,3.344049801731122,0.3271116701488082,-4.48028901910517,-655320.0
2023,RNEW4,UTILITIES,-0.0468275041201245,0.0134550618822354,3.344049801731122,0.3271116701488082,-4.48028901910517,-655320.0
2023,SAPR11,UTILITIES,0.1504701685666177,0.0804360398341897,0.3609914049848475,0.2262755139293353,0.8706809643636836,7826342.0
2023,SAPR3,UTILITIES,0.1504701685666177,0.0804360398341897,0.3609914049848475,0.2262755139293353,0.8706809643636836,7826342.0
2023,SAPR4,UTILITIES,0.1504701685666177,0.0804360398341897,0.3609914049848475,0.2262755139293353,0.8706809643636836,7826342.0
2023,SBSP3,UTILITIES,0.0924868458465131,0.0433715407655925,0.2102286273692335,0.1183039240398457,1.1324316409779152,24931859.0
2023,TAEE11,UTILITIES,0.3311585344326704,0.1392655279263772,0.989402223298116,0.6375814396628618,1.3778930749304836,6684756.0
2023,TAEE3,UTILITIES,0.3311585344326704,0.1392655279263772,0.989402223298116,0.6375814396628618,1.3778930749304836,6684756.0
2023,TAEE4,UTILITIES,0.3311585344326704,0.1392655279263772,0.989402223298116,0.6375814396628618,1.3778930749304836,6684756.0
2023,TRPL3,UTILITIES,0.2053581031499584,0.1048360893888025,0.8017913930087281,0.5489225133711194,0.9588493270514208,14792735.0
2023,TRPL4,UTILITIES,0.2053581031499584,0.1048360893888025,0.8017913930087281,0.5489225133711194,0.9588493270514208,14792735.0
2024,BRIT3,COMMUNICATION,0.0440322146599479,0.0197200778095848,0.1691032881194912,0.0616131638457072,1.2328621157136774,1378627.0
2024,DESK3,COMMUNICATION,0.0577726556910667,0.0218147948039913,0.3045961543913727,0.0773701575063487,1.6483245068386512,951869.0
2024,DTCY3,COMMUNICATION,6.208189747487895,-0.0235131396957123,-0.0943801822090285,-0.0278431773978912,-261.41556758806485,-40.0
2024,FIQE3,COMMUNICATION,0.1305639172383918,0.0644602217725281,0.2679040987665967,0.1811750637790292,0.9246586193964748,997274.0
2024,OIBR3,COMMUNICATION,0.8818974748789276,-0.6505223611834348,-1.7419625511314487,-1.837435516435977,-2.3556758806485507,-21846002.0
2024,OIBR4,COMMUNICATION,0.8818974748789276,-0.6505223611834348,-1.7419625511314487,-1.837435516435977,-2.3556758806485507,-21846002.0
2024,PDTC3,COMMUNICATION,0.071890270417677,0.0196408111650983,0.0742661836079021,0.0266703123931916,2.559057054343975,135679.0
2024,TELB3,COMMUNICATION,-0.0767777765754197,-0.0316478296758372,-0.1084435372585096,-0.3671573137074517,1.4260044799861489,1663398.0
2024,TELB4,COMMUNICATION,-0.0767777765754197,-0.0316478296758372,-0.1084435372585096,-0.3671573137074517,1.4260044799861489,1663398.0
2024,TIMS3,COMMUNICATION,0.0657845804082431,0.0296189216043073,0.1467625844482051,0.0775983671020878,1.221032260630187,25397365.0
2024,VIVT3,COMMUNICATION,0.0592776538138517,0.0340652407760907,0.1373387055042507,0.0844671908643675,0.7401213807200429,68455847.0
2024,ENAT3,ENERGY,0.0932826514828748,0.046323348876954,0.3330602754574753,0.1762349548098409,1.013728578446604,4109821.0
2024,OPCT3,ENERGY,-0.1066971258841796,-0.0408823103924833,0.0272074687103701,-0.0774174262692169,1.9780451746132763,763659.0
2024,PETR3,ENERGY,0.5186958848470711,0.193512090090293,0.4588728994348591,0.2947418815574435,1.6804314118308932,364385000.0
2024,PETR4,ENERGY,0.5186958848470711,0.193512090090293,0.4588728994348591,0.2947418815574435,1.6804314118308932,364385000.0
2024,PRIO3,ENERGY,0.3464482521613135,0.1688003262649168,0.6044621728947135,0.5279848426614419,1.0524145884504648,9892017.0
2024,RECV3,ENERGY,0.302687414939029,0.1751517897846257,0.4227909241419263,0.3875721242942143,0.7281434309705126,3810502.0
2024,RPMG3,ENERGY,0.208353147781049,-0.1753846625180694,-0.1786329290513873,-0.1801306875594149,-1.923555855756789,-4491672.0
2024,UGPA3,ENERGY,0.1511354280356219,0.0504944663570319,0.0233156250785847,0.0128107546262425,1.9920542804911665,12174968.0
2024,AERI3,INDUSTRIALS,-0.1047715591478051,-0.0245589552410795,0.0864580919962217,-0.0375509744483742,3.2661244388993613,884868.0
2024,ALPK3,INDUSTRIALS,-0.3703122688278353,-0.0614998560845801,0.0681390778995452,-0.1416817690498931,5.021351795011496,425819.0
2024,ARML3,INDUSTRIALS,0.1282600833303841,0.0398265868841254,0.3365502009973165,0.1561243766771665,2.220463850029477,1158521.0
2024,AVLL3,INDUSTRIALS,1.0465036283582698,-0.2351694624109057,-0.6923103034691892,-1.5490846138179184,-5.449997961596478,-392464.0
2024,AZEV3,INDUSTRIALS,-0.8244536082474226,-0.1462444087645701,-0.3317432614853213,-0.2080063672233652,4.637505154639175,97000.0
2024,AZEV4,INDUSTRIALS,-0.8244536082474226,-0.1462444087645701,-0.3317432614853213,-0.2080063672233652,4.637505154639175,97000.0
2024,AZUL4,INDUSTRIALS,0.0380043140865447,-0.0385853156616906,0.0896381360825735,-0.0452949564357862,-1.9849424174667891,-19007500.0
2024,BDLL3,INDUSTRIALS,-0.5933252043535203,0.0992835983314188,-0.842252176148676,2.4126785911044184,-6.976064670550513,-110715.0
2024,BDLL4,INDUSTRIALS,-0.5933252043535203,0.0992835983314188,-0.842252176148676,2.4126785911044184,-6.976064670550513,-110715.0
2024,CALI3,INDUSTRIALS,0.2959705720688343,0.0308071472581638,0.1181154611811546,0.0469190913782818,8.607204769354361,23651.0
2024,CCRO3,INDUSTRIALS,0.3562775158063902,0.0833314539055498,0.5271785996344118,0.2195937782544823,3.2754266139434565,11822750.0
2024,CURY3,INDUSTRIALS,0.3969704288702452,0.1245126286837159,0.1902459316331855,0.1543618155189355,2.188194105825362,877748.0
2024,CYRE3,INDUSTRIALS,0.1115150134472722,0.0518468474207855,0.168743388895099,0.1586371400671988,1.150854275520821,7699331.0
2024,DIRR3,INDUSTRIALS,0.1763743408096185,0.0394009321333278,0.1735920755233476,0.118231345740529,3.476400208319681,1449695.0
2024,DXCO3,INDUSTRIALS,0.1283089471152201,0.0489556001669396,0.1707650250687845,0.0901323843919567,1.6209248110059709,5961564.0
2024,ECOR3,INDUSTRIALS,0.0929292327727222,0.0129250746138268,0.2544628413999636,0.0386151287943617,6.189841107246653,2518680.0
2024,EMBR3,INDUSTRIALS,-0.0710611767929509,-0.0197892318020269,-0.0236936937974275,-0.0446596113715298,2.590901228701166,14736781.0
2024,ETER3,INDUSTRIALS,0.20362769075171,0.1126701449028731,0.1487338120892753,0.115980269213893,0.8072905730905606,676298.0
2024,EUCA3,INDUSTRIALS,0.1279329212036782,0.0699116896684758,0.1540555084008225,0.1025643987386518,0.829921745710074,2012797.0
2024,EUCA4,INDUSTRIALS,0.1279329212036782,0.0699116896684758,0.1540555084008225,0.1025643987386518,0.829921745710074,2012797.0
2024,EVEN3,INDUSTRIALS,0.071507767035855,0.0291174066051927,0.0541693126988838,0.0841403731595695,1.4558425825980852,2727424.0
2024,EZTC3,INDUSTRIALS,0.0753714961012958,0.0618236538495596,0.2138183828906765,0.3051094304621586,0.2191368741275503,4538944.0
2024,FRAS3,INDUSTRIALS,0.1143301031579397,0.05399248408604,0.1089016932015901,0.0664871258016638,1.1175188564346916,1778438.0
2024,FRIO3,INDUSTRIALS,0.5833333333333334,-0.1164538996077185,0.0664341760239879,-0.0979485321788184,-6.009135248354279,-334200.0
2024,GFSA3,INDUSTRIALS,-0.0469240896020432,-0.0151625556758065,-0.1154307625812392,-0.0732325877621155,2.09473485903934,1772906.0
2024,GOLL4,INDUSTRIALS,0.0731067243196778,-0.0920121848277739,0.0366553115475146,-0.1027371045926549,-1.7945330768584309,-21358815.0
2024,HBOR3,INDUSTRIALS,0.0507060137414186,0.0207292654916343,0.1624867475621582,0.1188620941113392,1.4461075942069364,2124817.0
2024,HBRE3,INDUSTRIALS,0.0487106341551767,0.0281375227144334,1.5942739908849546,0.8553093010378657,0.731162855008199,2473464.0
2024,HBSA3,INDUSTRIALS,-0.0061338813725527,-0.0012827787851677,0.1794173878613043,-0.0046173426098761,3.7817140753153167,1330805.0
2024,INEP3,INDUSTRIALS,0.2261841368880321,-0.2776945727871954,-7.638593545980227,-21.83244705437066,-1.8145068685276864,-1620653.0
2024,JFEN3,INDUSTRIALS,0.1621308270425417,-0.1113009226251403,-8.856688999654672,-19.12020615431257,-2.456688976322287,-777989.0
2024,JHSF3,INDUSTRIALS,0.1225066007089984,0.0612391112077356,0.4691055953129501,0.3323151561543816,1.0004634014597438,5159673.0
2024,JSLG3,INDUSTRIALS,0.137462985262064,0.0235596809175101,0.1276607933209407,0.0322432649414976,4.834670925441009,1412613.0
2024,LAVV3,INDUSTRIALS,0.1042213848575343,0.0678749642239394,0.1558036976412096,0.2357313798896866,0.5354908256552051,1256057.0
2024,LEVE3,INDUSTRIALS,0.3559787992710271,0.179515573541021,0.170682736628291,0.133133524146372,0.9829967520321164,1579757.0
2024,LOGG3,INDUSTRIALS,0.1093661892256153,0.0651480520781204,2.293476959904249,1.8445886848041249,0.678733066254567,3663838.0
2024,LOGN3,INDUSTRIALS,0.4645425952531595,0.1179334793246745,0.1935318448997363,0.1967828547930625,2.939022217552483,875614.0
2024,LPSB3,INDUSTRIALS,0.1440470540556394,0.0688892742564814,0.1558427571351642,0.1385388619637408,1.0909939262727364,187529.0
2024,LUPA3,INDUSTRIALS,0.2922975291146793,0.0957351396435538,-0.5361717546879247,0.4970196575776791,2.053189562400776,187706.0
2024,MDNE3,INDUSTRIALS,0.0891805444022457,0.0372641131306366,0.1095160013357897,0.1313989396230521,1.3932018478369748,1178026.0
2024,MELK3,INDUSTRIALS,0.0969670625603665,0.0545790508191442,0.0706587617330763,0.1219861145645552,0.7766351943657144,1295213.0
2024,MILS3,INDUSTRIALS,0.1746466168082835,0.0836229543663364,0.2950589553858311,0.1981994273402454,1.088500916186116,1239377.0
2024,MOVI3,INDUSTRIALS,,,,,,
2024,MRVE3,INDUSTRIALS,-0.0187796190869061,-0.0054626433693346,0.0545321983932969,-0.0185790376184016,2.4378263081072564,6574308.0
2024,MTRE3,INDUSTRIALS,0.0370704946948954,0.0180578715484697,0.0650017268060941,0.0490623838360404,1.0528717681590147,1004033.0
2024,MULT3,INDUSTRIALS,0.1168830951806923,0.070733290608313,0.5944036648763216,0.4280072652223375,0.6524481495981113,6582543.0
2024,MYPK3,INDUSTRIALS,0.094150983261069,0.0265982163745672,0.0735009221513336,0.023847953981707,2.539748001715428,4292807.0
2024,NEXP3,INDUSTRIALS,1.735952921124457,-0.7276459127384167,-1.1307960376934785,-1.253715702011927,-2.6480140038925293,-86833.0
2024,PDGR3,INDUSTRIALS,0.0169342920026466,-0.0705045476369654,-0.5068304865988367,-0.6941115338842421,-1.240187230047102,-4890668.0
2024,PLPL3,INDUSTRIALS,0.3241365145654332,0.0817484093204755,0.1084790628633465,0.0888390000033507,2.965049806592955,408982.0
2024,POMO3,INDUSTRIALS,0.1362973290151908,0.0590644120967905,0.0490763934974734,0.080655984229316,1.30760493800965,3204773.0
2024,POMO4,INDUSTRIALS,0.1362973290151908,0.0590644120967905,0.0490763934974734,0.080655984229316,1.30760493800965,3204773.0
2024,PORT3,INDUSTRIALS,0.1443075445218078,0.0591348542968335,0.2668366277974481,0.1491743445551109,1.4403128448992384,2348512.0
2024,PRNR3,INDUSTRIALS,0.2928094082845573,0.1047425633812359,0.1284066016467238,0.0798211173038768,1.7955150115890008,221762.0
2024,PTBL3,INDUSTRIALS,0.327676759894188,0.061741613133476,0.143054453514188,0.0696983312551981,4.307227059095462,467244.0
2024,RAIL3,INDUSTRIALS,0.0333553530234354,0.0111861040315226,0.3085067857486881,0.0522299021653998,1.9818561430717467,15410450.0
2024,RAPT3,INDUSTRIALS,0.1743929891297805,0.0517298594735881,0.1122856148581962,0.0597540425541835,2.3712248767816737,3821266.0
2024,RAPT4,INDUSTRIALS,0.1743929891297805,0.0517298594735881,0.1122856148581962,0.0597540425541835,2.3712248767816737,3821266.0
2024,RCSL3,INDUSTRIALS,2.236526946107785,-0.2183647149858137,0.0959495755219932,-0.1713973357087905,-11.242162733356816,-5678.0
2024,RCSL4,INDUSTRIALS,2.236526946107785,-0.2183647149858137,0.0959495755219932,-0.1713973357087905,-11.242162733356816,-5678.0
2024,RDNI3,INDUSTRIALS,0.0479251298400781,0.0143269675504674,0.0741817832949327,0.0475017651264969,2.3450993499677857,661198.0
2024,RENT3,INDUSTRIALS,0.0895067014314844,0.0280429710138493,0.2546972013715133,0.1035341726699614,2.1917695663302075,20570605.0
2024,ROMI3,INDUSTRIALS,0.1972762411470534,0.0962594429321498,0.170280512113908,0.1357129489255178,1.0494222191386144,1095398.0
2024,RSID3,INDUSTRIALS,0.3987900362934983,-0.6561475799173514,3.626689125462205,4.10571029653562,-1.6077749099428669,-1108463.0
2024,RSUL4,INDUSTRIALS,0.4676807146801625,0.2021060962605614,0.2619904731660845,0.1699714194982534,1.314035664105916,143057.0
2024,SEQL3,INDUSTRIALS,-0.2131518641214705,-0.0538981496844694,0.0334718340341502,-0.0592310800228118,2.954715799508964,501389.0
2024,SIMH3,INDUSTRIALS,0.1685325380754039,0.0152564776945857,0.2098621877285389,0.0385823584493854,8.866299822873838,5581753.0
2024,SOND5,INDUSTRIALS,0.2284476580292726,0.1452395176233533,0.1559283800930495,0.1011137741435217,0.5729028970042523,62789.0
2024,SYNE3,INDUSTRIALS,-0.0127944582077737,-0.0080830374493537,0.3012356190424005,-0.0694184813877373,0.5828779004954021,2574474.0
2024,TASA3,INDUSTRIALS,0.5076823490013483,0.2284466075293925,0.2995447675432605,0.2047164176989087,1.22232387029879,1024231.0
2024,TASA4,INDUSTRIALS,0.5076823490013483,0.2284466075293925,0.2995447675432605,0.2047164176989087,1.22232387029879,1024231.0
2024,TCSA3,INDUSTRIALS,0.0036976184122105,0.0014305012725241,0.0955183760485702,0.0096904532182837,1.5848410506380803,622022.0
2024,TEND3,INDUSTRIALS,-0.0645514498032499,-0.0104588185664918,0.0325646295992128,-0.0670588217234662,5.171963821043906,676747.0
2024,TGMA3,INDUSTRIALS,0.2081324213591752,0.143701623645462,0.146793636524824,0.116499782197709,0.4483651338044417,767127.0
2024,TPIS3,INDUSTRIALS,0.0069222490112241,0.0021500015579721,0.2184470043741459,0.0056586668615881,2.21964836981472,917043.0
2024,TRIS3,INDUSTRIALS,0.0533055249007242,0.0270864643404982,0.1500861536033251,0.0917424073026687,0.9679764856214406,1308476.0
2024,UCAS3,INDUSTRIALS,0.1745702901468749,0.1179783931276252,0.1061633520298927,0.1341064319963529,0.4796801814212746,188732.0
2024,VAMO3,INDUSTRIALS,0.1837454189301786,0.040096690841176,0.3279129101442692,0.1360812577058826,3.582558188105817,3638888.0
2024,VIVR3,INDUSTRIALS,0.068959821158177,-0.0341466473630685,-0.3736944795133708,-0.1026708858684068,-3.019519527787108,-181613.0
2024,WEGE3,INDUSTRIALS,0.2802185547227881,0.1518721747481576,0.1689227206325476,0.1428828530825332,0.8450947659600003,15248355.0
2024,WHRL3,INDUSTRIALS,0.191943257235303,0.0496387257367218,0.0698937382694015,0.0387747937169601,2.86680468498221,2181353.0
2024,WHRL4,INDUSTRIALS,0.191943257235303,0.0496387257367218,0.0698937382694015,0.0387747937169601,2.86680468498221,2181353.0
2024,WLMM3,INDUSTRIALS,0.1884195119286514,0.1445035209749065,0.0774803711092304,0.0593938859860634,0.303909487170012,622409.0
2024,WLMM4,INDUSTRIALS,0.1884195119286514,0.1445035209749065,0.0774803711092304,0.0593938859860634,0.303909487170012,622409.0
2024,ATMP3,TECHNOLOGY,,,,,,
2024,BMOB3,TECHNOLOGY,0.0808350479818162,0.0634142581659771,0.066865019135073,0.0579784581359294,0.2747140835463654,1058526.0
2024,CASH3,TECHNOLOGY,-0.0727579398346842,-0.0428203963176874,-0.3844018179496722,-0.1579649395420353,0.6991421399953454,799198.0
2024,CLSA3,TECHNOLOGY,-0.0497294207470483,-0.0404819692974503,-0.1673236650897396,-0.0727198164982801,0.2284338338792329,745253.0
2024,DOTZ3,TECHNOLOGY,0.5240102444882824,-0.2304224666110582,-0.753455873367311,-0.6843096520045144,-2.9498208493367497,-169431.0
2024,ELMD3,TECHNOLOGY,0.0538896797227632,0.0249801509596051,0.1680308708489483,0.0642642672673498,1.1573000023061135,953986.0
2024,LWSA3,TECHNOLOGY,0.0101696440775701,0.0064092171150077,0.0426560017146375,0.0265988424439558,0.5867217313885371,2977587.0
2024,MLAS3,TECHNOLOGY,0.0221944881233203,0.0130804716454566,0.0422768140753151,0.0205223952945416,0.6967651262811534,4053574.0
2024,NGRD3,TECHNOLOGY,0.0286706774280992,0.0185228601612329,-0.0153604744362118,0.0493514508160016,0.5478536888220429,457436.0
2024,POSI3,TECHNOLOGY,0.217843022925081,0.0718967805916226,0.1251883798779749,0.0613544125201397,1.9125946774756,1406320.0
2024,TOTS3,TECHNOLOGY,0.1141370195616038,0.0492927172669147,0.1689097018806012,0.1298600632796046,1.3154945779021294,4584849.0
2024,TRAD3,TECHNOLOGY,-0.1447551334831851,-0.1404173825458519,-1.062995385586641,-0.9602646606020668,0.0942638315101257,533492.0
2024,VLID3,TECHNOLOGY,0.0286821065865205,0.0137056662828143,0.1610327986519367,0.0194223057224051,1.092718879525409,1272675.0
2025,BRST3,COMMUNICATION,0.1118374048796202,0.0538883869318126,0.2094154918680316,0.1402330865645386,1.0753526176453014,1539628.0
2025,DESK3,COMMUNICATION,0.0903909486961937,0.0358950440180552,0.3245890711336094,0.1185919174039503,1.5182013609100755,1294134.0
2025,DTCY3,COMMUNICATION,0.91088723539933,-0.620827473425819,-0.498415242657012,-0.6181056696341315,-2.432127687191607,-3997.0
2025,FIQE3,COMMUNICATION,0.1322321053490082,0.0701399325613221,0.2512557237905874,0.1618999012403235,0.8379441597767776,1097381.0
2025,OIBR3,COMMUNICATION,0.1989399046562937,-0.2077692582683001,-0.1857627833746668,-0.558543276701277,-1.9575040422938568,-27283395.0
2025,OIBR4,COMMUNICATION,0.1989399046562937,-0.2077692582683001,-0.1857627833746668,-0.558543276701277,-1.9575040422938568,-27283395.0
2025,PDTC3,COMMUNICATION,0.1010423495476596,0.0298408924581708,0.0818472037256534,0.0418051083981805,2.328257985427642,152540.0
2025,TELB3,COMMUNICATION,-0.089332522475697,-0.0318107237334919,-0.1617095288360042,-0.3055296996449477,1.8082518091734932,1425651.0
2025,TELB4,COMMUNICATION,-0.089332522475697,-0.0318107237334919,-0.1617095288360042,-0.3055296996449477,1.8082518091734932,1425651.0
2025,TIMS3,COMMUNICATION,0.1090647503030834,0.0513466158148377,0.1979239396602141,0.119049875737883,1.124088385812698,26015940.0
2025,VIVT3,COMMUNICATION,0.072385049431746,0.0417430952546994,0.1519731679856359,0.0967363223189122,0.7340604234085126,69627320.0
2025,AALR3,HEALTHCARE,,,,,,
2025,BIOM3,HEALTHCARE,-0.6600048804294778,-0.2103986113954347,-0.5345934407125794,-0.6075660858959133,1.80379046689442,122940.0
2025,BLAU3,HEALTHCARE,0.1240401573938891,0.0810508369335404,0.2400080720775327,0.1803038394093687,0.5303994639265576,1995249.0
2025,BOBR4,HEALTHCARE,-1.655800634455832,0.1211995813444168,0.1553034702322756,0.0705055244554907,-13.760678594016332,-55506.0
2025,DASA3,HEALTHCARE,-0.1540493431866807,-0.0430992782262371,0.0640827912253762,-0.0792696724408487,2.5742905572117336,7333819.0
2025,ESPA3,HEALTHCARE,-0.0296561904319122,-0.0111681739214931,0.1268581455357311,-0.0253515585023354,1.6554198242596123,860360.0
2025,FLRY3,HEALTHCARE,0.0823355970471936,0.0363406012866356,0.1415478646545662,0.0650336509113949,1.2656641368637096,5111070.0
2025,HAPV3,HEALTHCARE,-0.0153772571526185,-0.0103490763176554,0.0421917846695995,-0.0272745670745079,0.4858579336578111,49255143.0
2025,HYPE3,HEALTHCARE,0.1433033685993933,0.0673453331016337,0.3164056599576277,0.2085434392743186,1.1278886301316224,11517873.0
2025,MATD3,HEALTHCARE,0.0805182234423882,0.0273128373448767,0.1936352229431837,0.0645651870830314,1.947999229288848,1754224.0
2025,NATU3,HEALTHCARE,0.0208519188055765,0.0036176649437691,0.0764115326321789,0.0183557175941585,4.507336065164715,3057944.0
2025,NTCO3,HEALTHCARE,0.1286526892949601,0.0695840399616207,-0.00579146485261,0.1112495487105885,0.848882148347795,23120465.0
2025,ODPV3,HEALTHCARE,0.3393699720779614,0.2214347132858314,0.3049327714076822,0.2371876908317401,0.559424619903522,1387674.0
2025,ONCO3,HEALTHCARE,0.1166549910408077,0.0340438685594425,0.1381032856870092,0.056945665117323,2.426607961346152,2679371.0
2025,RDOR3,HEALTHCARE,0.0886781503635353,0.0233965671650183,0.1196612244998006,0.0454475711760403,2.790220579714936,23835646.0
2025,ATMP3,TECHNOLOGY,1.8216113919173744,0.3698046837139289,-0.7170917247769054,1.7081428828423078,3.727175354639459,290027.0
2025,BMOB3,TECHNOLOGY,0.0799830992449891,0.0601984097016926,0.0725101770547557,0.0664368227403268,0.3286580100925859,1086342.0
2025,CASH3,TECHNOLOGY,-0.0326548556078247,-0.0261002354455334,-0.2176129630820389,-0.0782390098870445,0.2511326066758936,782487.0
2025,CLSA3,TECHNOLOGY,-0.0388459809910614,-0.0317816085431869,-0.1662292473809396,-0.0555552249287333,0.2222786313120384,720924.0
2025,DOTZ3,TECHNOLOGY,0.2631320291909852,-0.2143125336507126,-0.4218417579564549,-0.4363375426399636,-1.9495274960832056,-229934.0
2025,ELMD3,TECHNOLOGY,0.0886332668779851,0.0365873297809354,0.2218025739940069,0.0987512011778467,1.4225125858779994,1045815.0
2025,LWSA3,TECHNOLOGY,-0.0255833673936018,-0.0160140717941233,0.0668826909331691,-0.0570370588107887,0.5975554326533077,2882146.0
2025,MLAS3,TECHNOLOGY,-0.2599223507396573,-0.1532012052682667,-0.207595198622266,-0.2389708834810531,0.6966077406800683,3217030.0
2025,NGRD3,TECHNOLOGY,0.0022647363437954,0.0015657604002446,0.0104575845439434,0.0037976759266851,0.4464130932431291,449942.0
2025,POSI3,TECHNOLOGY,0.1571521904853776,0.0547558149762333,0.1295199370656422,0.0638924309414355,1.8700548161613404,1596427.0
2025,TOTS3,TECHNOLOGY,0.152500533148894,0.086583658592389,0.1558129057679872,0.1699867112235014,0.7613084920195241,5012671.0
2025,TRAD3,TECHNOLOGY,-0.7872736627390582,-0.7186680160992164,-3.365219711129708,-4.026557734130651,0.0911067493137216,283777.0
2025,VLID3,TECHNOLOGY,0.158210699715835,0.0827383912640741,0.1736902075362113,0.093380654486125,0.912180032735683,1331269.0
2025,AFLT3,UTILITIES,0.1129730984579911,0.0990800107665656,0.4475463176192669,0.4265826734217837,0.1402208940424711,254149.0
2025,ALUP11,UTILITIES,0.108289466627904,0.0404762526875626,0.7119975019485828,0.3475848898088139,1.6753827105437211,10628790.0
2025,AMBP3,UTILITIES,0.0216768994407529,0.004865625206943,0.1852062929291665,0.0116257759803739,3.4551108066895364,2613335.0
2025,AURE3,UTILITIES,-0.025684388969705,-0.0109568495907697,0.1737193641426812,-0.0513902706130325,1.3441399607549644,12368953.0
2025,CBEE3,UTILITIES,-0.0304805700298592,-0.010855887064204,0.0860221935825464,-0.0245853004583602,2.305950891987837,5340880.0
2025,CEBR3,UTILITIES,0.1851977639755468,0.1659933411401425,0.6305311554268502,0.6665976498350686,0.1156939350909901,1269038.0
2025,CEBR5,UTILITIES,0.1851977639755468,0.1659933411401425,0.6305311554268502,0.6665976498350686,0.1156939350909901,1269038.0
2025,CEBR6,UTILITIES,0.1851977639755468,0.1659933411401425,0.6305311554268502,0.6665976498350686,0.1156939350909901,1269038.0
2025,CEEB3,UTILITIES,0.2856920925897157,0.065954165620629,0.2490269806715482,0.1213140708490005,3.331676246698773,6437000.0
2025,CEEB5,UTILITIES,0.2856920925897157,0.065954165620629,0.2490269806715482,0.1213140708490005,3.331676246698773,6437000.0
2025,CEED3,UTILITIES,0.1346074507040406,-0.0335432416265519,0.0723065356112023,-0.0706615913565744,-1.4807425869727484,-3354636.0
2025,CGAS3,UTILITIES,0.831547999201971,0.1025405067125783,0.1923967096330457,0.0929360312122287,7.109458650646274,1694174.0
2025,CGAS5,UTILITIES,0.831547999201971,0.1025405067125783,0.1923967096330457,0.0929360312122287,7.109458650646274,1694174.0
2025,CLSC3,UTILITIES,0.1899475783502985,0.0452789938369865,0.0793169366758797,0.053547533464685,3.195048570075296,2932567.0
2025,CLSC4,UTILITIES,0.1899475783502985,0.0452789938369865,0.0793169366758797,0.053547533464685,3.195048570075296,2932567.0
2025,CMIG3,UTILITIES,0.2338994061007756,0.1048513929434284,0.1962054633232572,0.1564958249806124,1.2307706129090128,24655193.0
2025,CMIG4,UTILITIES,0.2338994061007756,0.1048513929434284,0.1962054633232572,0.1564958249806124,1.2307706129090128,24655193.0
2025,COCE3,UTILITIES,0.0752719959476487,0.0240868941064926,0.1445901067503902,0.036584163777786,2.125018759781033,4191147.0
2025,COCE5,UTILITIES,0.0752719959476487,0.0240868941064926,0.1445901067503902,0.036584163777786,2.125018759781033,4191147.0
2025,CPFE3,UTILITIES,0.2768753631788942,0.0738571612280001,0.2661996432596377,0.139323541970335,2.748795087373698,19998753.0
2025,CPLE3,UTILITIES,0.0961970913372774,0.0416912684721355,0.1720114297058009,0.1083438379386305,1.307367822151322,24191667.0
2025,CPLE5,UTILITIES,0.0961970913372774,0.0416912684721355,0.1720114297058009,0.1083438379386305,1.307367822151322,24191667.0
2025,CPLE6,UTILITIES,0.0961970913372774,0.0416912684721355,0.1720114297058009,0.1083438379386305,1.307367822151322,24191667.0
2025,CSMG3,UTILITIES,0.1821201308453786,0.0972064353264016,0.2416399808815837,0.186287871001741,0.87353985601727,7573825.0
2025,EGIE3,UTILITIES,0.349326267469828,0.0812102497999205,0.5917776166696316,0.3190480940070995,3.3015046540365374,9816210.0
2025,EKTR3,UTILITIES,0.3237745915305102,0.0893942183759897,0.2279673675743996,0.1115707227392853,2.6218739579859958,2999000.0
2025,EKTR4,UTILITIES,0.3237745915305102,0.0893942183759897,0.2279673675743996,0.1115707227392853,2.6218739579859958,2999000.0
2025,ELET3,UTILITIES,0.039077712280848,0.0164566000418771,0.3695075754109889,0.118272070858487,1.3745920895815045,112464644.0
2025,ELET6,UTILITIES,0.039077712280848,0.0164566000418771,0.3695075754109889,0.118272070858487,1.3745920895815045,112464644.0
2025,EMAE4,UTILITIES,0.1382466887584532,0.0720934800626649,0.1281280766948548,0.2494173962335454,0.9176032095868676,1088489.0
2025,ENEV3,UTILITIES,0.020313254386437,0.006964900214684,0.2648251716027171,0.0300698798273096,1.9165176471029284,14937636.0
2025,ENGI11,UTILITIES,0.1643919556601247,0.0379549292358866,0.2119496038428342,0.0905490977839578,3.331241263511333,15715696.0
2025,ENGI3,UTILITIES,0.1643919556601247,0.0379549292358866,0.2119496038428342,0.0905490977839578,3.331241263511333,15715696.0
2025,ENGI4,UTILITIES,0.1643919556601247,0.0379549292358866,0.2119496038428342,0.0905490977839578,3.331241263511333,15715696.0
2025,ENMT3,UTILITIES,0.3666585839507039,0.1059904685405501,0.2855287759632689,0.1822865190928792,2.4593543079812568,3761112.0
2025,ENMT4,UTILITIES,0.3666585839507039,0.1059904685405501,0.2855287759632689,0.1822865190928792,2.4593543079812568,3761112.0
2025,EQMA3B,UTILITIES,,,,,,
2025,EQTL3,UTILITIES,0.1137605913764301,0.0277517194236255,0.1865900849716593,0.0701788116684519,3.099226777263528,25283659.0
2025,GEPA3,UTILITIES,,,0.355405110254708,0.2454377857670411,,0.0
2025,GEPA4,UTILITIES,,,0.355405110254708,0.2454377857670411,,0.0
2025,GPAR3,UTILITIES,,,,,,0.0
2025,ISAE3,UTILITIES,0.1625679417472585,0.0805421579856688,0.6343083709314151,0.4653450611782986,1.018420487022272,17791712.0
2025,ISAE4,UTILITIES,0.1625679417472585,0.0805421579856688,0.6343083709314151,0.4653450611782986,1.018420487022272,17791712.0
2025,LIGT3,UTILITIES,0.0824249730593005,0.0107586409981457,0.1089496026763339,0.0180756677109658,6.661281111016356,3095688.0
2025,NEOE3,UTILITIES,0.1505186859954781,0.0456755993219791,0.2209818911665877,0.1020905216155875,2.2953850246043355,30076000.0
2025,ORVR3,UTILITIES,0.0673750626181014,0.0221747886263097,0.2443976111589177,0.0646252106209647,2.038363240051948,744593.0
2025,REDE3,UTILITIES,0.3848941330693669,0.0830737537694742,0.2494688478233283,0.1424061247845124,3.6331616859090055,5968436.0
2025,RNEW11,UTILITIES,-0.0099011811108014,-0.0030031162451099,0.879159753860199,-0.0405463531105434,2.296968982444106,933020.0
2025,RNEW3,UTILITIES,-0.0099011811108014,-0.0030031162451099,0.879159753860199,-0.0405463531105434,2.296968982444106,933020.0
2025,RNEW4,UTILITIES,-0.0099011811108014,-0.0030031162451099,0.879159753860199,-0.0405463531105434,2.296968982444106,933020.0
2025,SAPR11,UTILITIES,0.1542828554422117,0.0799495104873163,0.3730158074325698,0.2389045083092632,0.9297535970115556,9744200.0
2025,SAPR3,UTILITIES,0.1542828554422117,0.0799495104873163,0.3730158074325698,0.2389045083092632,0.9297535970115556,9744200.0
2025,SAPR4,UTILITIES,0.1542828554422117,0.0799495104873163,0.3730158074325698,0.2389045083092632,0.9297535970115556,9744200.0
2025,SBSP3,UTILITIES,0.1180120784894158,0.0573202561333151,0.248160726693231,0.1377883342661223,1.0588198038568426,29857376.0
2025,SRNA3,UTILITIES,0.0118620757545146,0.0036171048606133,0.313462300140354,0.0204713433129677,2.279439278545874,5241747.0
2025,TAEE11,UTILITIES,0.2047867219817616,0.0703305153836851,0.6945271965631168,0.406837241784638,1.9117762164055867,6679310.0
2025,TAEE3,UTILITIES,0.2047867219817616,0.0703305153836851,0.6945271965631168,0.406837241784638,1.9117762164055867,6679310.0
2025,TAEE4,UTILITIES,0.2047867219817616,0.0703305153836851,0.6945271965631168,0.406837241784638,1.9117762164055867,6679310.0
