YEAR,TICKER,MACRO_SECTOR,MOM_6M,MOM_12M,DISCOUNT_52W
2021,ENAT3,ENERGY,0.1460348162475822,-0.2542479546884834,0.36084142394822
2021,OPCT3,ENERGY,,,
2021,PETR3,ENERGY,0.291405550581916,-0.1095679012345678,0.1265516197396305
2021,PETR4,ENERGY,0.3150812064965196,-0.0708196721311475,0.0831446133937237
2021,PRIO3,ENERGY,0.9833286239050578,1.107807807807808,0.0
2021,RECV3,ENERGY,,,
2021,RPMG3,ENERGY,-0.0723684210526316,-0.4415841584158416,0.4928057553956835
2021,RRRP3,ENERGY,,,0.0124767719670825
2021,UGPA3,ENERGY,0.2916213275299237,-0.0627714172917489,0.1463502337288745
2021,AERI3,INDUSTRIALS,,,0.0328820116054158
2021,ALPK3,INDUSTRIALS,0.0,,0.1117478510028653
2021,ARML3,INDUSTRIALS,,,
2021,AVLL3,INDUSTRIALS,,,0.2013536379018612
2021,AZEV3,INDUSTRIALS,-0.5803183791606368,-0.1158536585365853,0.7363636363636363
2021,AZEV4,INDUSTRIALS,-0.2866242038216561,-0.0059171597633136,0.5014836795252227
2021,AZUL4,INDUSTRIALS,0.9542516161113872,-0.3177083333333333,0.3702932222400257
2021,BBRK3,INDUSTRIALS,-0.0638297872340425,-0.5555555555555556,0.6594427244582043
2021,BDLL3,INDUSTRIALS,,,0.88996
2021,BDLL4,INDUSTRIALS,0.3231707317073171,0.6218236173393124,0.5068181818181818
2021,CCPR3,INDUSTRIALS,-0.0969017798286091,-0.4408163265306123,0.4828237070592677
2021,CCRO3,INDUSTRIALS,-0.0710344827586206,-0.2995319812792512,0.3291832669322708
2021,CRDE3,INDUSTRIALS,-0.1968686575819078,0.5219780219780219,0.3403191236008573
2021,CURY3,INDUSTRIALS,,,0.0828924162257495
2021,CYRE3,INDUSTRIALS,0.2901531728665207,0.0078632478632478,0.1425247236765562
2021,DIRR3,INDUSTRIALS,-0.1673027989821883,-0.0934903047091412,0.2882001087547581
2021,DXCO3,INDUSTRIALS,,,
2021,ECOR3,INDUSTRIALS,0.0308404009252118,-0.1792510742786985,0.3
2021,EMBR3,INDUSTRIALS,0.0939431396786154,-0.5514445007602635,0.5682926829268293
2021,ETER3,INDUSTRIALS,2.5335195530726256,2.108108108108108,0.2972222222222221
2021,EUCA3,INDUSTRIALS,-0.1407407407407407,-0.7170731707317073,0.71
2021,EUCA4,INDUSTRIALS,0.0970724191063174,-0.039136302294197,0.1652989449003515
2021,EVEN3,INDUSTRIALS,0.0867992766726943,-0.1905723905723906,0.3742842269651224
2021,EZTC3,INDUSTRIALS,0.0751879699248121,-0.1356034656457788,0.2869015957446809
2021,FRAS3,INDUSTRIALS,0.8810408921933084,0.7008403361344535,0.0
2021,FRIO3,INDUSTRIALS,0.2360211889346675,1.0669291338582676,0.5153846153846153
2021,GOLL4,INDUSTRIALS,0.3444743935309973,-0.3159626988480526,0.3613316261203584
2021,HBOR3,INDUSTRIALS,3.145762711864407,1.717777777777778,0.1188760806916426
2021,HBRE3,INDUSTRIALS,,,
2021,HBSA3,INDUSTRIALS,,,0.0873015873015872
2021,IGBR3,INDUSTRIALS,2.787878787878788,2.34448160535117,0.0467111534795042
2021,INEP3,INDUSTRIALS,0.4605263157894737,0.574468085106383,0.0397923875432526
2021,JFEN3,INDUSTRIALS,-0.0334821428571429,0.9159292035398232,0.599444958371878
2021,JHSF3,INDUSTRIALS,0.1,0.1031073446327683,0.2568981921979067
2021,JSLG3,INDUSTRIALS,-0.373117033603708,-0.4507614213197969,0.7022564667033573
2021,LAVV3,INDUSTRIALS,,,0.0181623931623932
2021,LCAM3,INDUSTRIALS,0.7312463083284111,0.3444954128440365,0.0
2021,LEVE3,INDUSTRIALS,0.1708542713567837,-0.2483870967741935,0.3600854440036619
2021,LOGG3,INDUSTRIALS,0.0382397572078907,0.0747722274583726,0.1473080757726819
2021,LOGN3,INDUSTRIALS,0.105191256830601,-0.2291567413053834,0.3704280155642023
2021,LPSB3,INDUSTRIALS,-0.0639097744360902,-0.4918367346938775,0.5150925024342745
2021,LUPA3,INDUSTRIALS,0.1862745098039215,0.3908045977011494,0.2117263843648208
2021,MDNE3,INDUSTRIALS,0.5570469798657718,,0.3729729729729729
2021,MELK3,INDUSTRIALS,,,0.0899408284023667
2021,MILS3,INDUSTRIALS,0.1388888888888888,-0.3698770491803278,0.433179723502304
2021,MOVI3,INDUSTRIALS,0.5703422053231937,0.087414428646656,0.0818141396176078
2021,MRVE3,INDUSTRIALS,0.0527777777777778,-0.0967588179218303,0.1498429789143113
2021,MTRE3,INDUSTRIALS,0.1111111111111111,,0.1826923076923077
2021,MULT3,INDUSTRIALS,0.1478048780487806,-0.2685732048492384,0.3375563063063063
2021,MYPK3,INDUSTRIALS,0.1464497041420118,-0.3165784832451499,0.3722154718509518
2021,PDGR3,INDUSTRIALS,-0.2079999999999999,-0.4202049780380673,0.55
2021,PLPL3,INDUSTRIALS,,,0.22920892494929
2021,POMO3,INDUSTRIALS,-0.0180505415162454,-0.344578313253012,0.4581673306772907
2021,POMO4,INDUSTRIALS,-0.0204778156996586,-0.3521444695259593,0.4874999999999999
2021,PRNR3,INDUSTRIALS,-0.1030927835051546,,0.4188376753507015
2021,PTBL3,INDUSTRIALS,0.653012048192771,0.3217726396917149,0.0865512649800265
2021,RAIL3,INDUSTRIALS,-0.1445086705202312,-0.2582883577486508,0.2839598064756234
2021,RAPT3,INDUSTRIALS,0.4320685434516522,0.0743801652892561,0.0201005025125627
2021,RAPT4,INDUSTRIALS,0.6732570239334026,0.1694545454545453,0.0134969325153375
2021,RCSL3,INDUSTRIALS,3.333333333333334,5.08187134502924,0.2261904761904761
2021,RCSL4,INDUSTRIALS,-0.1767441860465115,0.066265060240964,0.4
2021,RDNI3,INDUSTRIALS,0.1877551020408163,-0.2124492557510148,0.3004807692307693
2021,RENT3,INDUSTRIALS,0.6854069909557567,0.4732905982905984,0.0
2021,ROMI3,INDUSTRIALS,0.1912104857363143,-0.0787119856887299,0.1693548387096775
2021,RSID3,INDUSTRIALS,0.1068447412353923,0.0184331797235022,0.4090909090909091
2021,RSUL4,INDUSTRIALS,0.8801880188018802,7.545454545454545,0.1395881006864988
2021,SEQL3,INDUSTRIALS,,,0.008699434536755
2021,SIMH3,INDUSTRIALS,,,0.0
2021,SOND5,INDUSTRIALS,1.695840086439762,0.1604651162790697,0.3158760625171374
2021,SOND6,INDUSTRIALS,-0.1111111111111111,0.2488292226038089,0.4202898550724637
2021,TASA3,INDUSTRIALS,1.88021778584392,2.2060606060606056,0.1023755656108598
2021,TASA4,INDUSTRIALS,1.440944881889764,1.8810408921933088,0.1918665276329509
2021,TCNO3,INDUSTRIALS,-0.0745098039215685,1.36,0.4869565217391304
2021,TCNO4,INDUSTRIALS,0.0067114093959732,0.595744680851064,0.375
2021,TCSA3,INDUSTRIALS,-0.2077716098334654,4.6440677966101696,0.2734545454545454
2021,TEND3,INDUSTRIALS,-0.0264430828764914,0.0482638888888888,0.2372410308236482
2021,TGMA3,INDUSTRIALS,0.1585051546391751,-0.2497913769123784,0.3464986673128181
2021,TPIS3,INDUSTRIALS,0.8640000000000001,0.4121212121212123,0.2101694915254237
2021,TRIS3,INDUSTRIALS,0.0268231349538976,-0.1756393001345895,0.2836257309941521
2021,UCAS3,INDUSTRIALS,0.0678391959798994,-0.1361788617886178,0.3511450381679389
2021,VAMO3,INDUSTRIALS,,,
2021,VIVR3,INDUSTRIALS,-0.238095238095238,-0.4644351464435147,0.6342857142857143
2021,WEGE3,INDUSTRIALS,0.4965421853388658,1.2414915655519383,0.116734693877551
2021,WHRL3,INDUSTRIALS,0.1730769230769231,-0.1586206896551723,0.2781065088757396
2021,WHRL4,INDUSTRIALS,0.2307692307692308,-0.1831831831831831,0.2472324723247232
2021,WLMM3,INDUSTRIALS,0.8166804293971925,2.928571428571429,0.2215145081387119
2021,WLMM4,INDUSTRIALS,0.8757396449704142,1.5751421608448417,0.0
2021,BALM3,MATERIALS,-0.2560143626570916,,0.7698033551827574
2021,BALM4,MATERIALS,0.6702127659574466,0.2661290322580645,0.1272929405225125
2021,BRAP3,MATERIALS,0.716856628674265,0.6128486897717667,0.0203662502139311
2021,BRAP4,MATERIALS,0.7450013694878117,0.6578194119177727,0.0423868931309183
2021,BRKM3,MATERIALS,0.0310711365494684,-0.1621262458471761,0.3518375738884605
2021,BRKM5,MATERIALS,0.0150732127476314,-0.1941880341880342,0.3956410256410256
2021,BRKM6,MATERIALS,0.795431976166832,0.6451319381255685,0.6412698412698412
2021,CBAV3,MATERIALS,,,
2021,CRPG3,MATERIALS,-0.1158199526191102,,0.2002380952380951
2021,CRPG5,MATERIALS,0.5065217391304346,0.4079642421779763,0.0
2021,CRPG6,MATERIALS,0.4346921797004992,0.5806599450045831,0.0
2021,DEXP3,MATERIALS,,,
2021,DEXP4,MATERIALS,,,
2021,EALT3,MATERIALS,0.4255555555555554,1.163575042158516,0.5046332046332046
2021,EALT4,MATERIALS,0.3110539845758353,-0.2296072507552871,0.3376623376623378
2021,FESA3,MATERIALS,0.0552763819095476,0.0865815798551226,0.0735294117647058
2021,FESA4,MATERIALS,0.000523560209424,-0.060933660933661,0.1277955271565495
2021,FHER3,MATERIALS,-0.0067114093959731,-0.2745098039215686,0.3179723502304147
2021,GGBR3,MATERIALS,0.5078066914498143,0.2268602540834845,0.0202898550724637
2021,GGBR4,MATERIALS,0.5271705184259836,0.2564234326824253,0.0153040676600885
2021,GOAU3,MATERIALS,0.4796992481203006,0.152224824355972,0.0
2021,GOAU4,MATERIALS,0.5403556771545828,0.2483370288248336,0.0105448154657293
2021,HETA4,MATERIALS,0.4537037037037035,0.3260135135135134,0.4728005372733378
2021,KEPL3,MATERIALS,0.014686248331108,0.3058419243986254,0.1592920353982301
2021,KLBN11,MATERIALS,0.3020167240531235,0.4238838084991931,0.0041384499623776
2021,MGEL4,MATERIALS,0.4910714285714286,0.2083936324167872,0.2409090909090909
2021,MMXM3,MATERIALS,7.585858585858586,6.3275862068965525,0.5277777777777778
2021,MTSA4,MATERIALS,0.7749999999999999,0.4622425629290616,0.0169230769230769
2021,MWET3,MATERIALS,0.4548637159289821,65.11363636363636,0.636375
2021,MWET4,MATERIALS,0.5294117647058822,0.3374485596707819,0.5185185185185186
2021,PATI3,MATERIALS,0.003114186851211,1.5883928571428574,0.0
2021,PATI4,MATERIALS,1.141633352370074,1.0480611687602406,0.0
2021,PMAM3,MATERIALS,-0.2520568436798802,-0.6494917630564319,0.7048406139315231
2021,RANI3,MATERIALS,0.1591397849462363,0.5013927576601671,0.2073529411764706
2021,SHUL4,MATERIALS,0.2569832402234637,0.3081395348837208,0.1857659831121832
2021,SNSY3,MATERIALS,9.503703703703705,11.224137931034484,0.77312
2021,SNSY5,MATERIALS,-0.930989010989011,-0.7796491228070175,0.9823098591549296
2021,SUZB3,MATERIALS,0.591193259037782,0.462037962037962,0.0
2021,TKNO4,MATERIALS,-0.5104747868196652,-0.4397590361445783,0.5104747868196652
2021,TUPY3,MATERIALS,0.0979057591623036,-0.138455217748562,0.2166604407919312
2021,UNIP3,MATERIALS,0.6327212020033388,0.3852691218130313,0.0
2021,UNIP5,MATERIALS,0.8345864661654134,0.6815988973121985,0.0
2021,UNIP6,MATERIALS,1.1382623224728483,0.4431914293769383,0.0
2021,USIM3,MATERIALS,0.9394313967861556,0.6343749999999999,0.0063331222292589
2021,USIM5,MATERIALS,1.0096286107290235,0.5330535152151101,0.0311671087533157
2021,USIM6,MATERIALS,2.1209677419354835,0.3193181818181816,0.0316930775646372
2021,VALE3,MATERIALS,0.5638412017167382,0.6022352510076951,0.0039863325740318
2021,ATMP3,TECHNOLOGY,-0.5551257253384914,,0.6360759493670887
2021,BMOB3,TECHNOLOGY,,,
2021,BOAS3,TECHNOLOGY,,,0.1335616438356164
2021,CASH3,TECHNOLOGY,,,0.061875
2021,CLSA3,TECHNOLOGY,,,
2021,ELMD3,TECHNOLOGY,,,
2021,LINX3,TECHNOLOGY,0.4782951854775059,0.1037124337065411,0.023970818134445
2021,LWSA3,TECHNOLOGY,0.8627314814814813,,0.0
2021,MOSI3,TECHNOLOGY,,,
2021,NGRD3,TECHNOLOGY,,,0.0389784946236558
2021,PDTC3,TECHNOLOGY,,,0.1398416886543536
2021,POSI3,TECHNOLOGY,-0.0192307692307693,-0.5188679245283019,0.5147478591817317
2021,SQIA3,TECHNOLOGY,0.2214137214137215,0.006423982869379,0.2031197015937605
2021,TOTS3,TECHNOLOGY,0.2406047516198703,-0.5755874094872174,0.6569517439082657
2021,TRAD3,TECHNOLOGY,,,
2022,ENAT3,ENERGY,-0.2407301768397034,0.2023486901535682,0.2886157135221806
2022,OPCT3,ENERGY,-0.6674057649667405,,0.7309417040358744
2022,PETR3,ENERGY,0.034366576819407,0.113933236574746,0.0300157977883096
2022,PETR4,ENERGY,-0.025017135023989,0.0529237601776462,0.0857969151670952
2022,PRIO3,ENERGY,0.089041095890411,-0.6348056537102473,0.7969548133595284
2022,RECV3,ENERGY,-0.0478615071283096,,0.0957446808510638
2022,RPMG3,ENERGY,-0.5070422535211268,0.0,0.5569620253164558
2022,RRRP3,ENERGY,-0.2717603646624702,0.0020908004778972,0.3153061224489796
2022,UGPA3,ENERGY,-0.2153264975715058,-0.3730056058645968,0.4179343474779824
2022,AERI3,INDUSTRIALS,-0.3268242548818089,-0.1750629722921914,0.5011424219345012
2022,ALPK3,INDUSTRIALS,-0.5,-0.5483870967741935,0.5602094240837696
2022,ARML3,INDUSTRIALS,,,0.0231256993659081
2022,AVLL3,INDUSTRIALS,0.1200000000000001,0.0035842293906811,0.1233562930494678
2022,AZEV3,INDUSTRIALS,-0.3019943019943019,-0.3950617283950617,0.4895833333333332
2022,AZEV4,INDUSTRIALS,-0.2798013245033113,0.2794117647058822,0.5166666666666667
2022,AZUL4,INDUSTRIALS,-0.4529530653492027,-0.3326027397260274,0.4982492276004119
2022,BDLL3,INDUSTRIALS,0.1428571428571428,,0.952
2022,BDLL4,INDUSTRIALS,0.0869565217391303,0.232583065380493,0.303030303030303
2022,CALI3,INDUSTRIALS,,,0.8597428571428571
2022,CCRO3,INDUSTRIALS,-0.1272590361445782,-0.1219696969696969,0.1768465909090909
2022,CRDE3,INDUSTRIALS,-0.3615384615384615,-0.2661361626878867,0.4071428571428571
2022,CURY3,INDUSTRIALS,-0.3157380254154448,-0.3143976493633693,0.3960310612597066
2022,CYRE3,INDUSTRIALS,-0.3130169786678276,-0.4503657262277952,0.4701141705842848
2022,DIRR3,INDUSTRIALS,-0.1185852981969486,0.0039494470774092,0.1537949400798933
2022,DXCO3,INDUSTRIALS,,,0.2969924812030075
2022,ECOR3,INDUSTRIALS,-0.3843566021867115,-0.4343122102009273,0.4597785977859778
2022,EMBR3,INDUSTRIALS,0.3336915636754434,1.90632318501171,0.0472168905950096
2022,ETER3,INDUSTRIALS,-0.0596680125616867,0.5759398496240602,0.3804315696127697
2022,EUCA3,INDUSTRIALS,-0.4469767441860465,-0.4810126582278481,0.547047619047619
2022,EUCA4,INDUSTRIALS,-0.125124131082423,0.2085048010973937,0.2772764561115668
2022,EVEN3,INDUSTRIALS,-0.3614341085271317,-0.4728,0.4685483870967742
2022,EZTC3,INDUSTRIALS,-0.3478954081632653,-0.526071842410197,0.527386179801248
2022,FRAS3,INDUSTRIALS,0.1055555555555556,0.4978494623655913,0.1947976878612717
2022,GOLL4,INDUSTRIALS,-0.2681564245810055,-0.2889352818371606,0.3827473722363175
2022,HBOR3,INDUSTRIALS,-0.4494117647058824,-0.5996578272027374,0.6173344235486509
2022,HBRE3,INDUSTRIALS,-0.4805194805194805,,0.5343915343915343
2022,HBSA3,INDUSTRIALS,-0.4497607655502391,-0.4819819819819819,0.5356662180349931
2022,IGBR3,INDUSTRIALS,2.290322580645161,2.5614525139664805,0.3780487804878049
2022,INEP3,INDUSTRIALS,-0.9757575757575756,-0.8685121107266436,0.979008424250794
2022,JFEN3,INDUSTRIALS,-0.8383838383838385,-0.8628571428571429,0.856929955290611
2022,JHSF3,INDUSTRIALS,-0.232462173314993,-0.2743823146944083,0.2972292191435768
2022,JSLG3,INDUSTRIALS,-0.3682885906040268,-0.3173164097914777,0.4028548770816811
2022,LAVV3,INDUSTRIALS,-0.3776978417266187,-0.4455128205128205,0.4358695652173912
2022,LCAM3,INDUSTRIALS,-0.1460225208863058,-0.1308687615526802,0.2329526916802609
2022,LEVE3,INDUSTRIALS,-0.0652503793626707,0.5247524752475248,0.2880258899676374
2022,LOGG3,INDUSTRIALS,-0.1823472356935015,-0.242814371257485,0.2730669732681805
2022,LOGN3,INDUSTRIALS,0.2573255194459245,0.4740787008119924,0.0
2022,LPSB3,INDUSTRIALS,-0.5011185682326622,-0.529535864978903,0.5522088353413654
2022,LUPA3,INDUSTRIALS,-0.1363636363636363,1.2542372881355934,0.5292035398230088
2022,MDNE3,INDUSTRIALS,-0.4263261296660118,-0.4831858407079646,0.5038232795242141
2022,MELK3,INDUSTRIALS,-0.3689320388349514,-0.4993581514762516,0.4987146529562982
2022,MILS3,INDUSTRIALS,-0.2680412371134021,-0.0062208398133748,0.3054347826086956
2022,MOVI3,INDUSTRIALS,-0.198984771573604,-0.1940755873340143,0.3097112860892388
2022,MRVE3,INDUSTRIALS,-0.2647058823529412,-0.3723849372384937,0.4202898550724637
2022,MTRE3,INDUSTRIALS,-0.299581589958159,-0.4231564438318401,0.5076470588235295
2022,MULT3,INDUSTRIALS,-0.188556566970091,-0.2134453781512605,0.3251622206200433
2022,MYPK3,INDUSTRIALS,-0.0424204616344354,0.0771929824561403,0.2132239876986161
2022,NEXP3,INDUSTRIALS,,,
2022,PDGR3,INDUSTRIALS,-0.8043165467625899,-0.6582914572864321,0.8341463414634146
2022,PLPL3,INDUSTRIALS,-0.4849445324881141,-0.5957711442786069,0.6060606060606061
2022,POMO3,INDUSTRIALS,-0.2260061919504643,-0.0740740740740741,0.2492492492492493
2022,POMO4,INDUSTRIALS,-0.1184971098265896,0.0777385159010599,0.1597796143250689
2022,PORT3,INDUSTRIALS,,,0.2157746478873239
2022,PRNR3,INDUSTRIALS,-0.3128054740957967,-0.1928817451205511,0.3392857142857143
2022,PTBL3,INDUSTRIALS,-0.428232502965599,0.3930635838150289,0.5002592016588905
2022,RAIL3,INDUSTRIALS,-0.0938775510204081,-0.0774025974025973,0.1815668202764976
2022,RAPT3,INDUSTRIALS,-0.0361260568793236,0.1019332161687169,0.0971922246220303
2022,RAPT4,INDUSTRIALS,-0.1995581737849779,-0.3102791878172589,0.3331288343558283
2022,RCSL3,INDUSTRIALS,-0.1039370078740156,-0.3459770114942527,0.4973498233215547
2022,RCSL4,INDUSTRIALS,-0.3515981735159817,-0.1125,0.3688888888888889
2022,RDNI3,INDUSTRIALS,-0.15,-0.0852017937219732,0.2093023255813954
2022,RENT3,INDUSTRIALS,-0.1786765845343251,-0.1937937328871311,0.2831056404707156
2022,ROMI3,INDUSTRIALS,-0.2497962510187449,0.3904833836858006,0.5116710875331565
2022,RSID3,INDUSTRIALS,-0.1149532710280373,0.434848484848485,0.3468965517241379
2022,RSUL4,INDUSTRIALS,-0.7728908554572271,1.5663333333333331,0.9222315376923
2022,SEQL3,INDUSTRIALS,-0.4922800718132855,-0.33646175504458,0.54752
2022,SIMH3,INDUSTRIALS,-0.7868613138686131,-0.6063363667003707,0.8329041487839771
2022,SOND5,INDUSTRIALS,2.244144144144144,-0.1900584795321638,0.5063065533315054
2022,SOND6,INDUSTRIALS,-0.2108888888888889,0.1836666666666666,0.4853623188405798
2022,SYNE3,INDUSTRIALS,,,0.5724465558194773
2022,TASA3,INDUSTRIALS,0.0614984841922912,0.5641352903637524,0.1409043112513144
2022,TASA4,INDUSTRIALS,0.0629310344827587,0.6855775803144224,0.1425591098748262
2022,TCNO3,INDUSTRIALS,-0.6654804270462633,-0.2033898305084746,0.7598978288633461
2022,TCNO4,INDUSTRIALS,-0.6723768736616702,0.0337837837837837,0.7563694267515924
2022,TCSA3,INDUSTRIALS,-0.5802325581395349,-0.6368209255533199,0.6386386386386387
2022,TEND3,INDUSTRIALS,-0.3374306106264868,-0.4316326530612244,0.4553455019556713
2022,TGMA3,INDUSTRIALS,-0.349021241149521,-0.4,0.4341057204923968
2022,TPIS3,INDUSTRIALS,-0.3701492537313433,-0.0786026200873363,0.5631469979296067
2022,TRIS3,INDUSTRIALS,-0.4026104417670683,-0.5126945126945127,0.5150774246128769
2022,UCAS3,INDUSTRIALS,-0.158,0.0120192307692306,0.2482142857142857
2022,VAMO3,INDUSTRIALS,-0.7907058001397624,,0.8372503735905448
2022,VIVR3,INDUSTRIALS,-0.751984126984127,-0.0384615384615385,0.872579001019368
2022,WEGE3,INDUSTRIALS,-0.0495677233429396,-0.5420080544368838,0.642338141199436
2022,WHRL3,INDUSTRIALS,-0.0414285714285714,-0.0858310626702997,0.122875816993464
2022,WHRL4,INDUSTRIALS,-0.0123456790123456,-0.02200488997555,0.1443850267379679
2022,WLMM3,INDUSTRIALS,0.5454545454545454,1.4709302325581397,0.2359550561797753
2022,WLMM4,INDUSTRIALS,0.0058066144912902,0.8980466888994763,0.0603773584905659
2022,BALM3,MATERIALS,-0.0982658959537572,-0.3066666666666666,0.368421052631579
2022,BALM4,MATERIALS,-0.3092070250133049,-0.1826196473551637,0.3906103286384976
2022,BRAP3,MATERIALS,-0.6560328490208465,-0.6241587575496117,0.6819509345794392
2022,BRAP4,MATERIALS,-0.6651480637813212,-0.6166589967786471,0.6860552763819096
2022,BRKM3,MATERIALS,-0.0078671328671329,1.3353909465020577,0.1375379939209726
2022,BRKM5,MATERIALS,-0.0284895482130815,1.4765792866351526,0.17870884993587
2022,BRKM6,MATERIALS,0.3600000000000001,2.189493433395872,0.3253968253968253
2022,CBAV3,MATERIALS,,,0.1613496932515338
2022,CRPG5,MATERIALS,-0.2236486486486486,1.07089215980775,0.4286424664346097
2022,CRPG6,MATERIALS,0.1007083461656914,2.329296693060084,0.4040850354314297
2022,DEXP3,MATERIALS,-0.7543072928959169,,0.8006129094043286
2022,DEXP4,MATERIALS,-0.7602666666666666,,0.7933333333333333
2022,EALT3,MATERIALS,-0.2495479204339964,0.0453400503778336,0.4265315522800553
2022,EALT4,MATERIALS,0.0749646393210747,0.4700193423597678,0.0854392298435621
2022,FESA3,MATERIALS,0.2530226423389756,0.9322033898305084,0.0632703368940016
2022,FESA4,MATERIALS,0.1395891690009336,1.583068783068783,0.1739424703891708
2022,FHER3,MATERIALS,0.0850561134081513,5.164429530201343,0.6072268548214668
2022,GGBR3,MATERIALS,-0.136765270841337,0.0955631399317404,0.2749273959341722
2022,GGBR4,MATERIALS,-0.0991407799074686,0.117671176711767,0.2759628154050464
2022,GOAU3,MATERIALS,-0.1759689922480619,0.1119246861924685,0.3267891070297656
2022,GOAU4,MATERIALS,-0.1906116642958748,0.020627802690583,0.3148705599036724
2022,HETA4,MATERIALS,-0.1928934010152283,0.0860655737704918,0.544151376146789
2022,KEPL3,MATERIALS,-0.3141755738566673,0.066485013623978,0.3222510822510822
2022,KLBN11,MATERIALS,-0.0295007564296521,0.0305220883534136,0.177036561898653
2022,MGEL4,MATERIALS,-0.2722772277227723,1.2306525037936265,0.4391453643647462
2022,MTSA4,MATERIALS,-0.2134123749536864,0.3272897780556425,0.2251824817518247
2022,MWET4,MATERIALS,-0.1893687707641197,1.5684210526315785,0.5771230502599654
2022,PATI3,MATERIALS,1.7168791039011202,2.0716157205240178,0.3395305164319249
2022,PATI4,MATERIALS,0.7352941176470589,3.03832991101985,0.5083333333333333
2022,PMAM3,MATERIALS,-0.3286852589641434,0.0130260521042082,0.5688699360341152
2022,RANI3,MATERIALS,-0.2299107142857143,0.3555992141453832,0.2901234567901234
2022,SHUL4,MATERIALS,-0.1811100292112949,-0.3820720058780308,0.5454054054054054
2022,SNSY3,MATERIALS,-0.4117647058823529,17.75,0.928
2022,SNSY5,MATERIALS,-0.1254180602006689,-0.1990811638591118,0.273611111111111
2022,SUZB3,MATERIALS,-0.0024892134085628,0.0885548714233972,0.2408436473857035
2022,TUPY3,MATERIALS,-0.1539440203562341,-0.0660112359550562,0.2457466918714556
2022,UNIP3,MATERIALS,0.002039032915817,1.3201438848920866,0.0075968843157995
2022,UNIP5,MATERIALS,0.3450980392156864,2.702770780856424,0.0292452830188678
2022,UNIP6,MATERIALS,0.0419862737182075,1.3153173357254988,0.042389388739449
2022,USIM3,MATERIALS,-0.2578005115089514,-0.0453947368421052,0.3971749065226423
2022,USIM5,MATERIALS,-0.2083550913838119,0.0646067415730338,0.3568095036062791
2022,USIM6,MATERIALS,1.0408163265306123,5.333333333333333,0.3634840871021776
2022,VALE3,MATERIALS,-0.3070838147720204,-0.1024637347455676,0.3433288409703504
2022,AESB3,UTILITIES,-0.2053122756640344,,0.3742227247032221
2022,AFLT3,UTILITIES,-0.1022267206477733,-0.1004056795131845,0.1847426470588237
2022,ALUP11,UTILITIES,-0.094325441563322,-0.0867752936718453,0.1438721136767317
2022,AMBP3,UTILITIES,-0.071334214002642,0.5995449374288964,0.3926565874730021
2022,AURE3,UTILITIES,,,
2022,CBEE3,UTILITIES,0.4649681528662421,0.1794871794871795,0.242174629324547
2022,CEBR3,UTILITIES,-0.9156613756613756,-0.8295187165775402,0.9300846528356508
2022,CEBR5,UTILITIES,-0.9236460348162476,-0.7570769230769231,0.9343996676360616
2022,CEBR6,UTILITIES,-0.9201036269430052,-0.863527745818214,0.9323743531269189
2022,CEEB3,UTILITIES,-0.1829268292682927,-0.1829268292682927,0.4416666666666666
2022,CEED3,UTILITIES,-0.1272727272727273,67.57142857142857,0.5714285714285714
2022,CGAS3,UTILITIES,-0.1287719298245614,0.0274482758620688,0.40408
2022,CGAS5,UTILITIES,-0.0194805194805194,-0.1118169519440032,0.1912591719779337
2022,CLSC3,UTILITIES,0.3466666666666667,0.2624999999999999,0.3604896580835796
2022,CLSC4,UTILITIES,-0.0189033189033189,0.3125482625482625,0.1312292358803988
2022,CMIG3,UTILITIES,0.2564450474898236,0.1917631917631919,0.024749868351764
2022,CMIG4,UTILITIES,0.0684596577017115,-0.0288888888888889,0.140327868852459
2022,COCE5,UTILITIES,-0.0155905778681578,0.0216320787900106,0.064874436574372
2022,CPFE3,UTILITIES,-0.0117863720073665,-0.1525584333543904,0.2057430432208408
2022,CPLE3,UTILITIES,0.0948121645796065,-0.91019809244314,0.9159686942194152
2022,CPLE5,UTILITIES,1.4,,0.4051553205551884
2022,CPLE6,UTILITIES,0.0878378378378379,-0.9100307348421348,0.9155409836065572
2022,CSMG3,UTILITIES,-0.1935279187817258,-0.1981072555205046,0.2915273132664436
2022,CSRN3,UTILITIES,0.0593333333333334,-0.112290502793296,0.3909543886546569
2022,CSRN5,UTILITIES,-0.1030017657445555,0.8142857142857143,0.4111282843894899
2022,CSRN6,UTILITIES,0.4292845257903495,0.9088888888888887,0.6875795599199854
2022,EGIE3,UTILITIES,-0.0295603840323396,-0.1170114942528736,0.1631808278867103
2022,EKTR3,UTILITIES,0.2145402708481825,8.737142857142857,0.3044897959183673
2022,EKTR4,UTILITIES,0.2582056892778992,0.1979166666666667,0.0907653383934219
2022,ELET3,UTILITIES,-0.2375627567320859,-0.0714285714285714,0.2976665965944923
2022,ELET6,UTILITIES,-0.2492608596770525,-0.0830555555555556,0.303880219316744
2022,EMAE4,UTILITIES,-0.1566037735849056,0.3844051739843321,0.2228472080179996
2022,ENBR3,UTILITIES,0.1737668161434977,0.0738461538461539,0.0228651423238449
2022,ENEV3,UTILITIES,-0.1792343387470997,-0.7484444444444445,0.8099395567494962
2022,ENGI11,UTILITIES,-0.0496894409937888,-0.0952283849918433,0.1525974025974026
2022,ENGI3,UTILITIES,-0.2052325581395349,-0.1920803782505911,0.2978941961992809
2022,ENGI4,UTILITIES,0.0435374149659864,-0.0303413400758534,0.1018735362997657
2022,ENMT3,UTILITIES,0.3504501500500168,1.709030100334448,0.0
2022,ENMT4,UTILITIES,0.9226730310262532,1.6826506826506824,0.0
2022,EQTL3,UTILITIES,-0.0956,0.0189274447949525,0.1406309388065374
2022,GEPA3,UTILITIES,-0.2214111922141119,-0.2382766008093311,0.3453355155482815
2022,GEPA4,UTILITIES,-0.1078167115902964,-0.2621489077128844,0.2634623943035157
2022,GPAR3,UTILITIES,-0.2037037037037037,3.3,0.6260869565217391
2022,LIGT3,UTILITIES,-0.2458279845956354,-0.4935344827586206,0.5204081632653061
2022,LIPR3,UTILITIES,-0.0350326797385621,0.2303333333333332,0.2543434343434344
2022,MEGA3,UTILITIES,,,0.0101721439749608
2022,NEOE3,UTILITIES,-0.0847457627118644,-0.0436835891381347,0.1553701772679875
2022,ORVR3,UTILITIES,-0.0714532274767,,0.1191879502292075
2022,POWE3,UTILITIES,-0.3589123867069487,,0.4183114035087719
2022,REDE3,UTILITIES,-0.1626120358514724,-0.3830188679245283,0.4434042553191489
2022,RNEW11,UTILITIES,-0.4180327868852459,-0.5852803738317758,0.6534895070766227
2022,RNEW3,UTILITIES,-0.4535398230088494,-0.5674255691768826,0.6313432835820896
2022,RNEW4,UTILITIES,-0.4051948051948052,-0.6085470085470085,0.663235294117647
2022,SAPR11,UTILITIES,-0.0593719332679095,-0.2779661016949152,0.3163338088445078
2022,SAPR3,UTILITIES,-0.064039408866995,-0.3493150684931507,0.4207317073170732
2022,SAPR4,UTILITIES,-0.0652173913043477,-0.2543352601156069,0.282003710575139
2022,SBSP3,UTILITIES,0.0880043325209856,-0.0718410718410718,0.1209800918836141
2022,TAEE11,UTILITIES,-0.0254555198285102,0.1098565761367103,0.1395788975632838
2022,TAEE3,UTILITIES,-0.0241545893719807,0.1119266055045871,0.1434628975265018
2022,TAEE4,UTILITIES,-0.026378896882494,0.1123287671232877,0.1464611072179397
2022,TRPL3,UTILITIES,-0.0035818951481602,0.0193204530313124,0.0909090909090908
2022,TRPL4,UTILITIES,-0.0417816318486402,-0.1147123088128186,0.1431089178709905
2023,ENAT3,ENERGY,-0.2316448491747297,0.007462686567164,0.4339622641509434
2023,OPCT3,ENERGY,0.5212765957446808,0.0214285714285713,0.2164383561643835
2023,PETR3,ENERGY,-0.0818598559266535,-0.0972311654861558,0.3253128007699711
2023,PETR4,ENERGY,-0.1228070175438595,-0.1487143849895761,0.3504772004241782
2023,PRIO3,ENERGY,0.6921327876307415,0.8558603491271821,0.0335064935064934
2023,RECV3,ENERGY,0.2921216848673948,0.8467112597547379,0.0825256161728051
2023,RPMG3,ENERGY,-0.2272727272727274,-0.3928571428571428,0.4352159468438538
2023,RRRP3,ENERGY,0.073968705547653,0.1771125662613033,0.2642759695965698
2023,UGPA3,ENERGY,0.0243704305442729,-0.136892539356605,0.2018987341772152
2023,ABCB4,FINANCIALS,0.2654639175257733,0.2168525402726147,0.1332744924977934
2023,APER3,FINANCIALS,0.0078387458006718,-0.1940298507462686,0.3114001530221882
2023,BAZA3,FINANCIALS,0.3004425930747203,0.24875,0.0749999999999999
2023,BBAS3,FINANCIALS,0.040443379269023,0.193060803847475,0.2226947179946286
2023,BBDC3,FINANCIALS,-0.0632823365785814,-0.1791590493601462,0.2861685214626391
2023,BBDC4,FINANCIALS,-0.1191860465116279,-0.2186694172253739,0.3392935019624945
2023,BBSE3,FINANCIALS,0.2985362095531587,0.6214526214526215,0.008237716975581
2023,BEES3,FINANCIALS,0.0823529411764705,0.1596638655462183,0.089108910891089
2023,BEES4,FINANCIALS,0.2287334593572778,0.132404181184669,0.0151515151515151
2023,BGIP3,FINANCIALS,-0.3034300791556729,-0.2563380281690141,0.6228571428571429
2023,BGIP4,FINANCIALS,-0.2411504424778762,-0.2575757575757577,0.362453531598513
2023,BMEB3,FINANCIALS,-0.242997728993187,-0.4441356309060589,0.6152366294728742
2023,BMEB4,FINANCIALS,0.003003003003003,-0.0383877159309021,0.1362068965517241
2023,BMGB4,FINANCIALS,-0.105691056910569,-0.2948717948717948,0.341317365269461
2023,BMIN3,FINANCIALS,0.0236220472440944,0.1818181818181818,0.4126506024096386
2023,BMIN4,FINANCIALS,-0.23117033603708,-0.3793264733395697,0.4732036522429536
2023,BNBR3,FINANCIALS,0.0869565217391303,-0.0506329113924051,0.1120056831636276
2023,BPAN4,FINANCIALS,-0.0065466448445171,-0.4235517568850901,0.4623560673162089
2023,BRBI11,FINANCIALS,-0.0868240670220868,-0.1974564926372155,0.3971845148315737
2023,BRGE11,FINANCIALS,-0.2266800401203611,0.976923076923077,0.6066326530612245
2023,BRGE12,FINANCIALS,0.5331179321486268,0.5685950413223142,0.05005005005005
2023,BRGE3,FINANCIALS,0.3040540540540539,0.0136554621848741,0.19449081803005
2023,BRGE6,FINANCIALS,1.3972055888223551,3.515037593984962,0.733051789286508
2023,BRGE8,FINANCIALS,0.2346666666666665,1.4432717678100264,0.2984848484848484
2023,BRIV3,FINANCIALS,0.4593749999999998,-0.0798029556650247,0.3081481481481481
2023,BRIV4,FINANCIALS,0.3084507042253521,0.0852803738317755,0.0520408163265307
2023,BRSR3,FINANCIALS,-0.0403225806451612,-0.082262210796915,0.2159590043923864
2023,BRSR5,FINANCIALS,-0.1339901477832513,-0.2399481193255512,0.3037623762376238
2023,BRSR6,FINANCIALS,0.0825892857142855,0.0104166666666667,0.2374213836477988
2023,BSLI3,FINANCIALS,-0.3335801554979637,-0.7272313986967722,0.7272727272727273
2023,BSLI4,FINANCIALS,-0.2426315789473684,-0.4241696678671468,0.5356566634398192
2023,CIEL3,FINANCIALS,0.3973333333333333,1.3083700440528636,0.1281198003327786
2023,CRIV3,FINANCIALS,0.1285403050108933,-0.0317757009345793,0.0666666666666666
2023,CRIV4,FINANCIALS,-0.0096153846153845,-0.1473509933774833,0.1598694942903751
2023,CSAB3,FINANCIALS,-0.1694117647058823,0.4114354258296679,0.4884799304448631
2023,CSAB4,FINANCIALS,0.0222222222222221,0.5593220338983051,0.2333333333333332
2023,CXSE3,FINANCIALS,0.2049062049062049,0.0245398773006133,0.1098081023454159
2023,HBTS5,FINANCIALS,-0.4528301886792453,0.1599999999999999,0.6448254745866504
2023,IRBR3,FINANCIALS,-0.5763546798029556,-0.7876543209876543,0.7860696517412935
2023,ITSA3,FINANCIALS,0.0045146726862304,-0.0501600853788686,0.1894353369763205
2023,ITSA4,FINANCIALS,0.0203836930455636,-0.0627753303964757,0.2206959706959707
2023,ITUB3,FINANCIALS,0.1208397337429594,0.129514963880289,0.1528637770897832
2023,ITUB4,FINANCIALS,0.1027790030877811,0.1638733705772812,0.1951062459755311
2023,MERC4,FINANCIALS,-0.4283489096573208,-0.391880695940348,0.4626647144948755
2023,MODL3,FINANCIALS,-0.169172932330827,-0.4516129032258065,0.6129597197898424
2023,PINE4,FINANCIALS,0.6565656565656566,-0.098901098901099,0.1229946524064171
2023,PSSA3,FINANCIALS,0.3034909909909908,0.1087164750957854,0.0627530364372469
2023,QUAL3,FINANCIALS,-0.4735426008968609,-0.6510107015457789,0.6809782608695651
2023,RPAD3,FINANCIALS,-0.0027932960893854,-0.0219178082191781,0.1063829787234043
2023,RPAD5,FINANCIALS,-0.2159090909090909,-0.1374999999999999,0.3428571428571428
2023,RPAD6,FINANCIALS,0.2742857142857144,0.2010771992818671,0.0577464788732393
2023,SANB11,FINANCIALS,-0.0215203054494965,-0.0844430009743422,0.2360433604336043
2023,WIZC3,FINANCIALS,,,
2023,BALM3,MATERIALS,-0.3573407202216067,-0.2611464968152865,0.5303643724696356
2023,BALM4,MATERIALS,-0.1015274034141959,-0.4994994994994994,0.5305164319248826
2023,BRAP3,MATERIALS,0.1214912280701754,0.2067012741859366,0.1900538485904339
2023,BRAP4,MATERIALS,0.1774960380348653,0.2130612244897958,0.1844127332601536
2023,BRKM3,MATERIALS,-0.3263129832044787,-0.5497951184749689,0.5547136563876652
2023,BRKM5,MATERIALS,-0.3619763694951664,-0.5852679350672019,0.5877147319104633
2023,BRKM6,MATERIALS,0.3585508790623335,1.5474525474525476,0.494047619047619
2023,CBAV3,MATERIALS,-0.0025906735751294,-0.09765625,0.507882403067746
2023,CRPG5,MATERIALS,-0.0268546492111446,-0.591114245416079,0.5794894110821004
2023,CRPG6,MATERIALS,-0.4852750509353584,-0.6805747126436782,0.768320133388912
2023,DEXP3,MATERIALS,-0.0561643835616438,-0.370201096892139,0.3475378787878789
2023,DEXP4,MATERIALS,-0.1605937921727396,-0.2469733656174334,0.3382978723404256
2023,EALT3,MATERIALS,-0.1017964071856286,-0.4117647058823529,0.443069306930693
2023,EALT4,MATERIALS,0.0075187969924812,-0.0175953079178885,0.2756756756756756
2023,FESA3,MATERIALS,0.1764705882352941,0.1909487892020642,0.032258064516129
2023,FESA4,MATERIALS,0.149151085321298,0.0496662740478994,0.0999831678168657
2023,FHER3,MATERIALS,0.0176782557454331,-0.0578286961265683,0.2300490414623273
2023,GGBR3,MATERIALS,0.3738789237668163,0.1075463172164483,0.0813343328335831
2023,GGBR4,MATERIALS,0.3140939597315435,0.0841638981173864,0.0696864111498257
2023,GOAU3,MATERIALS,0.336655592469546,0.1583493282149712,0.0258272800645682
2023,GOAU4,MATERIALS,0.3581151832460731,0.1528888888888888,0.060825488776249
2023,HETA4,MATERIALS,-0.2495511669658887,-0.6864216054013503,0.7603211009174312
2023,KEPL3,MATERIALS,0.37593984962406,-0.4608998393144082,0.6576530612244897
2023,KLBN11,MATERIALS,-0.0113861386138613,-0.2253685027152832,0.2492481203007519
2023,MGEL4,MATERIALS,-0.3607355327203894,-0.1244444444444444,0.4015189873417721
2023,MTSA4,MATERIALS,0.1875801898896587,0.1329253365973073,0.0328108672936259
2023,MWET4,MATERIALS,0.0449790794979079,-0.2864285714285713,0.4523026315789473
2023,PATI3,MATERIALS,0.0291090855630697,1.121212121212121,0.6713615023474178
2023,PATI4,MATERIALS,0.756418918918919,2.150909090909091,0.56675
2023,PMAM3,MATERIALS,-0.1867364746945898,-0.5381565906838454,0.5431372549019607
2023,RANI3,MATERIALS,0.2068965517241381,0.1516452074391989,0.1472457627118643
2023,SHUL4,MATERIALS,0.0953488372093023,-0.4554913294797688,0.4978678038379531
2023,SNSY3,MATERIALS,-0.6699248120300753,-0.8355805243445693,0.8379475821336286
2023,SNSY5,MATERIALS,0.1052631578947367,-0.36,0.3575525812619503
2023,SUZB3,MATERIALS,-0.0291809217146306,-0.1914180355346965,0.2491828793774319
2023,TKNO4,MATERIALS,1.1666666666666663,-0.2696629213483146,0.3157174439414675
2023,TUPY3,MATERIALS,0.230319388214125,0.327025715672004,0.1289808917197451
2023,UNIP3,MATERIALS,-0.0284495021337127,-0.1638441134462355,0.2080394240989468
2023,UNIP5,MATERIALS,-0.0949758454106279,0.0455407969639467,0.1781891559922793
2023,UNIP6,MATERIALS,-0.0339187705817781,-0.1164541712679448,0.2336293974225008
2023,USIM3,MATERIALS,-0.097442143727162,-0.4740951029098651,0.5268199233716475
2023,USIM5,MATERIALS,-0.1722543352601155,-0.5145762711864407,0.5775811209439528
2023,USIM6,MATERIALS,0.6787048567870488,6.406593406593407,0.5484087102177555
2023,VALE3,MATERIALS,0.1609195402298848,0.1572916666666666,0.1540877510231274
2023,AESB3,UTILITIES,-0.0938086303939962,-0.1178082191780821,0.2253408179631114
2023,AFLT3,UTILITIES,-0.0085561497326203,0.0704387990762123,0.1171428571428572
2023,ALUP11,UTILITIES,0.0882466281310212,0.1688741721854303,0.0312178387650086
2023,AMBP3,UTILITIES,-0.0640394088669951,-0.488747553816047,0.5045045045045045
2023,AURE3,UTILITIES,0.0814977973568282,,0.1126506024096386
2023,CBEE3,UTILITIES,-0.4264455782312925,-0.1723926380368098,0.5555189456342668
2023,CEBR3,UTILITIES,-0.3206666666666666,-0.3627267041901189,0.4401098901098901
2023,CEBR5,UTILITIES,-0.0114739629302736,-0.3690140845070423,0.3945945945945946
2023,CEBR6,UTILITIES,-0.2511111111111112,-0.3835365853658536,0.4448105436573312
2023,CEEB3,UTILITIES,0.0517241379310344,-0.066839256295599,0.0779069767441861
2023,CEED3,UTILITIES,-0.327433628318584,0.0854041702370751,0.6607142857142857
2023,CGAS3,UTILITIES,-0.1454115172232448,-0.2972972972972972,0.3333333333333333
2023,CGAS5,UTILITIES,0.0441022333306457,-0.1096596768649019,0.1879859543516427
2023,CLSC3,UTILITIES,-0.1141182554731942,-0.0098265895953756,0.4576825664837484
2023,CLSC4,UTILITIES,-0.040274207369323,-0.1764705882352941,0.1764705882352941
2023,CMIG3,UTILITIES,0.0653034300791555,-0.0997770345596433,0.2201834862385322
2023,CMIG4,UTILITIES,0.0732177263969171,-0.1566994700984103,0.2849807445442875
2023,COCE5,UTILITIES,-0.0887765419615773,-0.2072484166080225,0.2243071096574281
2023,CPFE3,UTILITIES,0.0751295336787565,0.2439115773698015,0.0943807965084558
2023,CPLE3,UTILITIES,0.0784929356357928,0.1507537688442211,0.13801756587202
2023,CPLE5,UTILITIES,-0.031825795644891,,0.6179775280898876
2023,CPLE6,UTILITIES,0.1581259150805272,0.2359374999999999,0.0949656750572082
2023,CSMG3,UTILITIES,0.3619791666666667,0.25219473264166,0.0224299065420561
2023,CSRN3,UTILITIES,0.3905133203378816,0.4459459459459458,0.1797623610578766
2023,CSRN5,UTILITIES,0.3120326308633583,0.20625,0.2542503863987635
2023,CSRN6,UTILITIES,0.2804878048780488,1.1989528795811517,0.6181123840698308
2023,EGIE3,UTILITIES,-0.0828087167070216,-0.0237113402061854,0.1613903032986495
2023,EKTR3,UTILITIES,0.69,15.055,0.3446938775510204
2023,EKTR4,UTILITIES,0.4003999999999998,0.5221739130434782,0.0786842105263158
2023,ELET3,UTILITIES,-0.0883116883116884,0.2610778443113772,0.1832460732984293
2023,ELET5,UTILITIES,1.5224872897927255,0.7862088064248132,0.2034086698777324
2023,ELET6,UTILITIES,-0.074304068522484,0.3151810161241253,0.2131416090280306
2023,EMAE4,UTILITIES,0.9938416422287388,0.0125093075204762,0.1052770101329122
2023,ENEV3,UTILITIES,-0.1922816519972918,-0.1592670894996476,0.2585456805469236
2023,ENGI11,UTILITIES,0.0956629491945477,-0.0087443946188341,0.1214228934817169
2023,ENGI3,UTILITIES,0.0652009097801364,-0.0337001375515817,0.1778818022235224
2023,ENGI4,UTILITIES,0.1053412462908012,-0.0093085106382977,0.1357308584686773
2023,ENMT3,UTILITIES,-0.0159227985524729,0.0526451612903224,0.0427129781741375
2023,ENMT4,UTILITIES,0.0381060893784024,1.7424749163879598,0.0352941176470588
2023,EQTL3,UTILITIES,0.1830122591943956,0.1840490797546012,0.1011310711909514
2023,GEPA3,UTILITIES,-0.3430079155672824,-0.3965099369849734,0.4575163398692811
2023,GEPA4,UTILITIES,0.0490463215258853,-0.1833333333333333,0.2299999999999999
2023,GPAR3,UTILITIES,0.0975609756097561,2.75,0.6086956521739131
2023,LIGT3,UTILITIES,-0.198961937716263,-0.6056218057921636,0.6059574468085107
2023,LIPR3,UTILITIES,0.0294117647058822,-0.0778553550256883,0.2929292929292929
2023,NEOE3,UTILITIES,0.0355227882037532,-0.1043478260869565,0.1915227629513344
2023,ORVR3,UTILITIES,0.2070563079116179,0.3097447795823664,0.2744215938303342
2023,REDE3,UTILITIES,-0.0924369747899159,-0.1755725190839694,0.25
2023,RNEW11,UTILITIES,0.1809338521400778,-0.1450704225352111,0.3038990825688074
2023,RNEW3,UTILITIES,0.1404494382022469,-0.188,0.3024054982817871
2023,RNEW4,UTILITIES,0.2083333333333332,-0.1324786324786325,0.3071672354948807
2023,SAPR11,UTILITIES,-0.0098684210526315,-0.0588848358520064,0.1329812770043207
2023,SAPR3,UTILITIES,-0.0467032967032966,-0.0916230366492145,0.1536585365853657
2023,SAPR4,UTILITIES,-0.0266666666666667,-0.0592783505154639,0.1225961538461538
2023,SBSP3,UTILITIES,0.3554659710694805,0.4275724275724275,0.0594043113378313
2023,SRNA3,UTILITIES,,,
2023,TAEE11,UTILITIES,-0.1022786121180734,-0.044640396803527,0.2421857923497267
2023,TAEE3,UTILITIES,-0.1005413766434647,-0.0388429752066115,0.2338603425559946
2023,TAEE4,UTILITIES,-0.1003861003861003,-0.0411522633744856,0.2335526315789473
2023,TRPL3,UTILITIES,-0.0625,-0.0353215594801733,0.187938288920056
2023,TRPL4,UTILITIES,0.001306051371354,-0.0515463917525773,0.1427506522549384
2024,BRIT3,COMMUNICATION,0.4549019607843139,0.4000000000000001,0.0631313131313131
2024,DESK3,COMMUNICATION,0.3722060252672499,0.5533553355335532,0.1560071727435744
2024,DTCY3,COMMUNICATION,-0.3991989319092123,-0.55,0.6280991735537189
2024,FIQE3,COMMUNICATION,-0.0123762376237623,0.0583554376657824,0.109375
2024,OIBR3,COMMUNICATION,-0.3846153846153846,2.3684210526315788,0.7344398340248963
2024,OIBR4,COMMUNICATION,-0.3063829787234043,2.134615384615384,0.6918714555765595
2024,PDTC3,COMMUNICATION,0.0510204081632652,0.0131147540983607,0.1196581196581196
2024,TELB3,COMMUNICATION,-0.1152542372881355,-0.2070886075949367,0.3736
2024,TELB4,COMMUNICATION,0.0933333333333332,0.5471698113207546,0.2029161603888214
2024,TIMS3,COMMUNICATION,0.2626760563380281,0.4577235772357721,0.0292365998917162
2024,VIVT3,COMMUNICATION,0.2500584795321636,0.3894955798231929,0.0167433302667894
2024,BRAV3,ENERGY,,,
2024,ENAT3,ENERGY,0.4750367107195301,0.5561580170410534,0.0185637518319491
2024,OPCT3,ENERGY,0.4941176470588235,1.138047138047138,0.0185471406491499
2024,PETR3,ENERGY,0.1295276731382209,0.3648459383753502,0.0620789220404236
2024,PETR4,ENERGY,0.2055681450307542,0.4824840764331211,0.0332294911734164
2024,PRIO3,ENERGY,0.2742114001106805,0.2975486052409128,0.0826693227091635
2024,RECV3,ENERGY,0.1565495207667731,-0.2838773491592482,0.3609885260370697
2024,RPMG3,ENERGY,-0.1620553359683793,0.3856209150326797,0.3890489913544669
2024,UGPA3,ENERGY,0.4843225083986564,1.0646417445482863,0.0
2024,AERI3,INDUSTRIALS,-0.2561983471074379,-0.1346153846153845,0.4578313253012047
2024,ALPK3,INDUSTRIALS,0.1831683168316831,1.9875,0.1898305084745762
2024,ARML3,INDUSTRIALS,0.1528059499661935,0.4436917866215071,0.0548780487804877
2024,AVLL3,INDUSTRIALS,0.1945812807881772,-0.6193092621664051,0.6322971948445792
2024,AZEV3,INDUSTRIALS,0.0049261083743843,0.4890510948905109,0.3818181818181817
2024,AZEV4,INDUSTRIALS,-0.0050761421319797,0.5806451612903225,0.4285714285714286
2024,AZUL4,INDUSTRIALS,-0.2501170960187353,0.3982532751091705,0.2676120768526989
2024,BDLL3,INDUSTRIALS,-0.0677966101694915,0.0232558139534884,0.2666666666666667
2024,BDLL4,INDUSTRIALS,-0.0589569160997731,-0.2385321100917431,0.2782608695652173
2024,CALI3,INDUSTRIALS,1.5974025974025974,,0.9714285714285714
2024,CCRO3,INDUSTRIALS,0.0267921795800143,0.2774774774774775,0.0240880935994494
2024,CURY3,INDUSTRIALS,0.1969394544244842,0.4806584362139916,0.0060773480662985
2024,CYRE3,INDUSTRIALS,0.2667017359284584,0.7876763177431327,0.0633994554647997
2024,DIRR3,INDUSTRIALS,0.2336088154269973,0.4567338972023422,0.0
2024,DXCO3,INDUSTRIALS,0.00875,0.1798245614035087,0.1514195583596214
2024,ECOR3,INDUSTRIALS,0.4470046082949308,1.061269146608315,0.0358239508700102
2024,EMBR3,INDUSTRIALS,0.2315731573157315,0.5868178596739901,0.0808702791461412
2024,ETER3,INDUSTRIALS,-0.2134935304990758,-0.1971698113207547,0.4210884353741496
2024,EUCA3,INDUSTRIALS,0.1983775811209438,0.508820798514392,0.1356382978723405
2024,EUCA4,INDUSTRIALS,0.4948259642521166,1.2161785216178522,0.0263480392156862
2024,EVEN3,INDUSTRIALS,0.2812499999999998,0.6532258064516128,0.0
2024,EZTC3,INDUSTRIALS,0.0673515981735159,0.3385826771653542,0.2468787756745871
2024,FRAS3,INDUSTRIALS,0.364365971107544,0.6831683168316833,0.00990099009901
2024,FRIO3,INDUSTRIALS,2.582089552238806,3.5300113250283127,0.0
2024,GFSA3,INDUSTRIALS,0.5233918128654971,0.6672,0.6605863192182411
2024,GOLL4,INDUSTRIALS,-0.2931442080378249,0.183377308707124,0.3199393479909022
2024,HBOR3,INDUSTRIALS,0.0505952380952381,0.6971153846153844,0.199546485260771
2024,HBRE3,INDUSTRIALS,0.1303538175046554,0.2942430703624732,0.0899550224887555
2024,HBSA3,INDUSTRIALS,0.1520467836257311,0.6624472573839661,0.1599147121535181
2024,INEP3,INDUSTRIALS,-0.1431451612903226,2.8636363636363638,0.2258652094717669
2024,JFEN3,INDUSTRIALS,-0.2124542124542124,2.771929824561404,0.457070707070707
2024,JHSF3,INDUSTRIALS,0.1580041580041582,0.094302554027505,0.039655172413793
2024,JSLG3,INDUSTRIALS,0.5182926829268293,1.1173469387755102,0.0
2024,LAVV3,INDUSTRIALS,0.3470948012232417,0.8354166666666669,0.0101123595505617
2024,LEVE3,INDUSTRIALS,-0.1948051948051947,0.1709741550695827,0.327113480578827
2024,LOGG3,INDUSTRIALS,0.0044052863436123,0.3587604290822408,0.0836012861736333
2024,LOGN3,INDUSTRIALS,-0.2300460092018403,0.1257677683533198,0.2737735849056604
2024,LPSB3,INDUSTRIALS,-0.0270270270270269,0.3404255319148936,0.1457627118644068
2024,LUPA3,INDUSTRIALS,-0.2756410256410257,-0.3891891891891893,0.701058201058201
2024,MDNE3,INDUSTRIALS,0.5269186712485681,1.270868824531516,0.0
2024,MELK3,INDUSTRIALS,0.1401425178147268,0.4634146341463414,0.0224032586558045
2024,MILS3,INDUSTRIALS,0.2859848484848484,0.1881014873140858,0.010204081632653
2024,MOVI3,INDUSTRIALS,0.189,0.4733581164807932,0.1609033168666196
2024,MRVE3,INDUSTRIALS,0.0544600938967136,0.4415917843388961,0.2057991513437058
2024,MTRE3,INDUSTRIALS,-0.0941176470588235,0.6426666666666667,0.1819389110225764
2024,MULT3,INDUSTRIALS,0.0274765003615329,0.2415902140672783,0.0172890733056708
2024,MYPK3,INDUSTRIALS,0.0670529801324504,0.0795644891122278,0.1646143875567076
2024,NEXP3,INDUSTRIALS,-0.2228915662650602,16.200000000000003,0.5920948616600791
2024,PDGR3,INDUSTRIALS,-0.923728813559322,2.7500000000000004,0.9390243902439024
2024,PLPL3,INDUSTRIALS,0.276502732240437,1.92,0.0307053941908714
2024,POMO3,INDUSTRIALS,0.3365155131264914,1.2672064777327932,0.0158172231985941
2024,POMO4,INDUSTRIALS,0.3505747126436782,1.5268817204301075,0.0315934065934067
2024,PORT3,INDUSTRIALS,0.3098274568642161,0.5959780621572213,0.0
2024,PRNR3,INDUSTRIALS,0.2607758620689655,0.7180616740088106,0.0480065093572009
2024,PTBL3,INDUSTRIALS,0.1354642313546423,-0.1150652431791221,0.1182033096926714
2024,RAIL3,INDUSTRIALS,0.0644712430426717,0.1984334203655353,0.0473225404732254
2024,RAPT3,INDUSTRIALS,0.2422360248447204,0.5132408575031526,0.0
2024,RAPT4,INDUSTRIALS,0.0756302521008402,0.5440289505428229,0.0483271375464683
2024,RCSL3,INDUSTRIALS,0.3793103448275861,0.263157894736842,0.550561797752809
2024,RCSL4,INDUSTRIALS,0.0114942528735633,0.1891891891891892,0.6752767527675276
2024,RDNI3,INDUSTRIALS,-0.2544570502431118,-0.319526627218935,0.3663911845730028
2024,RENT3,INDUSTRIALS,-0.0414468726450639,0.1367292225201071,0.0956917389449736
2024,ROMI3,INDUSTRIALS,-0.1798165137614679,-0.0783505154639175,0.3022892819979188
2024,RSID3,INDUSTRIALS,-0.1728395061728396,0.546153846153846,0.2239382239382239
2024,RSUL4,INDUSTRIALS,0.2752125354225703,0.0483760449499794,0.0315229775921002
2024,SEQL3,INDUSTRIALS,-0.7414965986394557,-0.8911174785100286,0.905
2024,SIMH3,INDUSTRIALS,0.105625717566016,0.3582510578279267,0.1221513217866909
2024,SOND5,INDUSTRIALS,0.4995834490419328,1.388323750552853,0.2596654784754593
2024,SYNE3,INDUSTRIALS,0.2441558441558442,0.191542288557214,0.0
2024,TASA3,INDUSTRIALS,0.0060524546065905,0.1660171473109899,0.1287128712871287
2024,TASA4,INDUSTRIALS,0.0425240054869684,0.1550151975683888,0.1259344450833813
2024,TCSA3,INDUSTRIALS,0.1788856304985335,0.4888888888888887,0.0313253012048194
2024,TEND3,INDUSTRIALS,0.5117227319062181,2.216919739696312,0.0217678100263852
2024,TGMA3,INDUSTRIALS,0.2772009029345372,0.3312941176470587,0.0
2024,TPIS3,INDUSTRIALS,0.09375,3.615384615384616,0.088937093275488
2024,TRIS3,INDUSTRIALS,0.117533718689788,0.6066481994459834,0.1702432045779686
2024,UCAS3,INDUSTRIALS,-0.0112781954887218,0.0395256916996047,0.1806853582554517
2024,VAMO3,INDUSTRIALS,-0.1385799828913601,-0.2039525691699605,0.317750677506775
2024,VIVR3,INDUSTRIALS,0.6960784313725492,9.812500000000002,0.0207547169811319
2024,WEGE3,INDUSTRIALS,0.0090213231273919,-0.0412987012987013,0.1182513139034878
2024,WHRL3,INDUSTRIALS,-0.0557939914163089,-0.0736842105263156,0.1456310679611649
2024,WHRL4,INDUSTRIALS,-0.0043010752688172,-0.062753036437247,0.1061776061776061
2024,WLMM3,INDUSTRIALS,0.1449795081967213,0.3147058823529411,0.497752808988764
2024,WLMM4,INDUSTRIALS,0.3640000000000001,0.2325301204819279,0.2314049586776859
2024,ATMP3,TECHNOLOGY,0.7045454545454544,3.1284403669724767,0.0
2024,BMOB3,TECHNOLOGY,0.0196649672250546,-0.0338164251207729,0.1298943443132379
2024,CASH3,TECHNOLOGY,0.0365058670143416,5.309523809523809,0.1993957703927492
2024,CLSA3,TECHNOLOGY,-0.4386227544910179,-0.371859296482412,0.5006657789613849
2024,DOTZ3,TECHNOLOGY,3.759036144578314,5.475409836065574,0.0888119953863898
2024,ELMD3,TECHNOLOGY,0.0168831168831169,0.43013698630137,0.1437944231820667
2024,LWSA3,TECHNOLOGY,-0.2828162291169451,-0.1629526462395543,0.3700209643605869
2024,MLAS3,TECHNOLOGY,-0.1144067796610169,-0.4381720430107527,0.4813895781637718
2024,NGRD3,TECHNOLOGY,-0.3279569892473118,-0.2038216560509554,0.4239631336405529
2024,POSI3,TECHNOLOGY,-0.2266666666666666,-0.2090909090909091,0.28099173553719
2024,TOTS3,TECHNOLOGY,0.16212487064505,0.1883597883597882,0.0263005780346822
2024,TRAD3,TECHNOLOGY,-0.4387096774193548,-0.6390041493775933,0.6375
2024,VLID3,TECHNOLOGY,0.4186851211072664,1.211434735706581,0.0279753437648174
2025,BRST3,COMMUNICATION,,,0.1596091205211726
2025,DESK3,COMMUNICATION,-0.2786206896551724,-0.2586817859673989,0.3897316219369895
2025,DTCY3,COMMUNICATION,-0.3642857142857142,-0.5549999999999999,0.6322314049586777
2025,FIQE3,COMMUNICATION,0.0144927536231882,-0.125,0.2009132420091324
2025,OIBR3,COMMUNICATION,-0.7755443886097152,1.0615384615384618,0.7899686520376176
2025,OIBR4,COMMUNICATION,-0.414554905782976,4.395209580838324,0.4372267332916928
2025,PDTC3,COMMUNICATION,-0.3636363636363636,-0.6146788990825688,0.6612903225806452
2025,TELB3,COMMUNICATION,-0.044776119402985,-0.2098765432098764,0.2470588235294117
2025,TELB4,COMMUNICATION,-0.1770011273957158,-0.4265514532600157,0.4859154929577465
2025,TIMS3,COMMUNICATION,-0.0978193146417445,-0.1946607341490545,0.2358839050131925
2025,VIVT3,COMMUNICATION,0.0191762911309654,-0.1296985485671752,0.1716259298618491
2025,AALR3,HEALTHCARE,-0.2009345794392522,-0.1699029126213592,0.4991212653778558
2025,BIOM3,HEALTHCARE,-0.258692628650904,0.8037225042301184,0.4720158494304111
2025,BLAU3,HEALTHCARE,0.2841796875,-0.1897720271102896,0.2264705882352941
2025,BOBR4,HEALTHCARE,-0.0829268292682926,-0.0784313725490196,0.3517241379310345
2025,DASA3,HEALTHCARE,-0.3470790378006874,-0.8059244126659857,0.8024948024948024
2025,ESPA3,HEALTHCARE,-0.26,-0.4032258064516129,0.3983739837398373
2025,FLRY3,HEALTHCARE,-0.2147039687703317,-0.3472147106544077,0.3309312638580931
2025,HAPV3,HEALTHCARE,-0.4069148936170212,-0.4908675799086758,0.5214592274678111
2025,HYPE3,HEALTHCARE,-0.374913614374568,-0.4981969486823855,0.5006900358818658
2025,MATD3,HEALTHCARE,-0.1999999999999999,-0.5666666666666667,0.5640718562874252
2025,NATU3,HEALTHCARE,-0.3500264503614883,-0.1377777777777777,0.4905321354526606
2025,NTCO3,HEALTHCARE,-0.1794212218649518,-0.2445233866193014,0.3194666666666667
2025,ODPV3,HEALTHCARE,-0.0621761658031089,-0.0733788395904437,0.1772727272727272
2025,ONCO3,HEALTHCARE,-0.6053962900505903,-0.8170445660672401,0.8200000000000001
2025,RDOR3,HEALTHCARE,-0.0479400749063669,-0.1188908145580589,0.2686996547756041
2025,ATMP3,TECHNOLOGY,-0.4019607843137255,-0.7024390243902439,0.7318681318681319
2025,BMOB3,TECHNOLOGY,0.0225903614457831,-0.0209084354722421,0.1794561933534744
2025,CASH3,TECHNOLOGY,-0.5045045045045045,-0.6609124537607891,0.6806039488966318
2025,CLSA3,TECHNOLOGY,0.3243606998654105,1.46,0.0080645161290322
2025,DOTZ3,TECHNOLOGY,-0.553030303030303,-0.6467065868263473,0.6722222222222223
2025,ELMD3,TECHNOLOGY,0.6287015945330299,0.8523316062176167,0.0093522687911326
2025,LWSA3,TECHNOLOGY,-0.1679197994987469,-0.473015873015873,0.4679487179487179
2025,MLAS3,TECHNOLOGY,-0.4450261780104712,-0.5225225225225225,0.5923076923076923
2025,NGRD3,TECHNOLOGY,25.01123595505618,17.373015873015873,0.266244057052298
2025,POSI3,TECHNOLOGY,-0.3358974358974359,-0.2724719101123596,0.5295186194368755
2025,TOTS3,TECHNOLOGY,-0.1050518568082971,-0.2127722189523248,0.2228355607205113
2025,TRAD3,TECHNOLOGY,13.562500000000002,6.853932584269663,0.1598557692307692
2025,VLID3,TECHNOLOGY,0.603960396039604,0.1654676258992804,0.0802422407267222
2025,AFLT3,UTILITIES,-0.0466666666666666,-0.2090707964601769,0.319047619047619
2025,ALUP11,UTILITIES,-0.1210911510312706,-0.1438755670771224,0.195738203957382
2025,AMBP3,UTILITIES,7.873720136518772,6.701421800947868,0.5158467096197534
2025,AURE3,UTILITIES,-0.2893030794165316,-0.3450336071695296,0.3513313609467455
2025,CBEE3,UTILITIES,-0.5917618270799347,-0.347457627118644,0.6701812191103789
2025,CEBR3,UTILITIES,-0.2310698583292623,-0.0843513670738802,0.4317689530685921
2025,CEBR5,UTILITIES,-0.1438016528925619,0.0223684210526315,0.3266897746967071
2025,CEBR6,UTILITIES,-0.1230847803881509,-0.0315848843767624,0.2845833333333333
2025,CEEB3,UTILITIES,-0.0259904113045672,-0.0585365853658536,0.0696553386358158
2025,CEEB5,UTILITIES,0.4541751527494908,-0.1701534170153417,0.8487288135593221
2025,CEED3,UTILITIES,-0.740925925925926,-0.8029577464788733,0.8178622575185522
2025,CGAS3,UTILITIES,-0.024390243902439,-0.0625,0.240506329113924
2025,CGAS5,UTILITIES,0.0747872816838333,-0.0895295902883157,0.1759939572890201
2025,CLSC3,UTILITIES,0.2996555683122845,0.5386407766990291,0.0
2025,CLSC4,UTILITIES,0.0979268957992363,0.2386521003231267,0.0482383542208559
2025,CMIG3,UTILITIES,0.1666666666666667,-0.0298408488063659,0.062179487179487
2025,CMIG4,UTILITIES,0.0892156862745099,-0.0133214920071048,0.1652892561983472
2025,COCE3,UTILITIES,-0.6284285714285713,-0.2238137869292747,0.7022664835164836
2025,COCE5,UTILITIES,-0.1487994589110585,-0.412739150723285,0.449234135667396
2025,CPFE3,UTILITIES,-0.0368902439024388,-0.1760563380281691,0.1803321224701608
2025,CPLE3,UTILITIES,-0.0084235860409146,-0.1335436382754994,0.1591836734693877
2025,CPLE5,UTILITIES,-0.5923045435939418,-0.5472727272727272,0.6981818181818182
2025,CPLE6,UTILITIES,-0.0213903743315507,-0.1159420289855072,0.162087912087912
2025,CSMG3,UTILITIES,0.0457056755399296,0.0301830776843146,0.2029096477794794
2025,EGIE3,UTILITIES,-0.2013498312710911,-0.2152961980548188,0.2458041215211387
2025,EKTR3,UTILITIES,1.011557788944724,3.3748633879781424,0.1994
2025,EKTR4,UTILITIES,0.2854144805876182,0.2727272727272727,0.0392156862745097
2025,ELET3,UTILITIES,-0.0651876198301834,-0.1918067724366563,0.2323436797121006
2025,ELET6,UTILITIES,-0.0704986489805944,-0.19677350880917,0.2304250559284115
2025,EMAE4,UTILITIES,-0.1156032849020847,-0.2614735361350447,0.5029585798816568
2025,ENEV3,UTILITIES,-0.1715184893784422,-0.225735294117647,0.2697642163661581
2025,ENGI11,UTILITIES,-0.2,-0.3200372786579684,0.3299044819985305
2025,ENGI3,UTILITIES,-0.2393103448275862,-0.4024918743228602,0.433196300102775
2025,ENGI4,UTILITIES,-0.146341463414634,-0.2485875706214688,0.2544843049327353
2025,ENMT3,UTILITIES,0.8666666666666667,0.0526315789473683,0.0175438596491228
2025,ENMT4,UTILITIES,0.1957746478873241,0.0278450363196127,0.0011764705882352
2025,EQMA3B,UTILITIES,-0.2016949152542372,-0.0276630883567299,0.2149999999999999
2025,EQTL3,UTILITIES,-0.144551982516391,-0.2277339346110484,0.2401552967276762
2025,GEPA3,UTILITIES,0.1323701679031628,-0.0085470085470085,0.1343283582089552
2025,GEPA4,UTILITIES,0.202020202020202,0.1329017517136328,0.0800865800865802
2025,GPAR3,UTILITIES,0.7407407407407407,10.75,0.5913043478260869
2025,ISAE3,UTILITIES,,,0.0345155161494616
2025,ISAE4,UTILITIES,,,0.086179507545671
2025,LIGT3,UTILITIES,-0.1814516129032258,-0.4498644986449864,0.5096618357487923
2025,NEOE3,UTILITIES,0.0139410187667561,-0.0913022585295529,0.1349496797804208
2025,ORVR3,UTILITIES,-0.0257400257400257,-0.0031603897814063,0.2353535353535353
2025,REDE3,UTILITIES,-0.0512048192771084,-0.0277777777777779,0.1881443298969072
2025,RNEW11,UTILITIES,0.0885608856088562,-0.2027027027027027,0.3400447427293064
2025,RNEW3,UTILITIES,0.0329670329670328,-0.2231404958677686,0.3691275167785235
2025,RNEW4,UTILITIES,0.0219780219780219,-0.25,0.3841059602649006
2025,SAPR11,UTILITIES,0.0574581430745813,-0.0374090751645307,0.1491120636864665
2025,SAPR3,UTILITIES,0.1080000000000001,0.0,0.1234177215189873
2025,SAPR4,UTILITIES,0.0504672897196263,-0.0293609671848014,0.1445966514459665
2025,SBSP3,UTILITIES,0.1324376199616121,0.1822067860005343,0.1112673227555733
2025,SRNA3,UTILITIES,-0.375,-0.4554455445544554,0.4670542635658915
2025,TAEE11,UTILITIES,-0.0439336630782658,-0.1297669491525424,0.1438249088066702
2025,TAEE3,UTILITIES,-0.0413005272407733,-0.1320604614160699,0.14765625
2025,TAEE4,UTILITIES,-0.0365535248041775,-0.1235154394299288,0.1391912908242611
